epoch,accuracy,kappa,f1_micro,f1_macro,f1_weighted,recall_micro,recall_macro,recall_weighted,precision_micro,precision_macro,precision_weighted,gmean,precision_barley,precision_corn,precision_orchards,precision_cereals,precision_protein_crops,precision_rapeseed,precision_temp._meadows,precision_vegetables,recall_barley,recall_corn,recall_orchards,recall_cereals,recall_protein_crops,recall_rapeseed,recall_temp._meadows,recall_vegetables,trainloss,valloss,FLOPs_per_epoch,cumulative_FLOPs,runtime_per_epoch,Params
0,0.2788501597000417,0.17055477782389905,0.2788501597000417,0.1502409625241438,0.23875847761687335,0.2788501597000417,0.23242162631845917,0.2788501597000417,0.2788501597000417,0.18485972218109112,0.3509736799843591,0.0,0.0,0.0,0.034904013961605584,0.22058823529411764,0.07083939835031539,0.0,0.8935762224352828,0.2589699074074074,0.0,0.0,0.2,0.0075,0.292,0.0,0.4657671164417791,0.8941058941058941,2.2343884,1.7024542,357782144,357782144,224.7055401802063,101960
1,0.5450631856686571,0.45149077915081104,0.5450631856686571,0.4397804294365163,0.581306893986187,0.5450631856686571,0.4940068633341448,0.5450631856686571,0.5450631856686571,0.4605622663486497,0.647494854225153,0.4532051620431435,0.09876543209876543,0.4761421319796954,0.07911001236093942,0.6159544159544159,0.20502645502645503,0.5351014040561622,0.891170431211499,0.7832278481012658,0.16,0.469,0.64,0.5405,0.31,0.687374749498998,0.6506746626686657,0.4945054945054945,1.8260407,1.2072871,357782144,715564288,173.47856402397156,101960
2,0.611026246354673,0.5354103231867138,0.611026246354673,0.507273241975872,0.6469645726440023,0.611026246354673,0.5970471799474082,0.611026246354673,0.611026246354673,0.5264889723274653,0.721592780555649,0.5530706387037324,0.08955223880597014,0.6466431095406361,0.0812720848056537,0.7218670076726342,0.33116883116883117,0.6345885634588564,0.8979591836734694,0.8088607594936709,0.42,0.732,0.69,0.5645,0.204,0.9118236472945892,0.6156921539230384,0.6383616383616384,1.3174168,0.9324223,357782144,1073346432,174.8335952758789,101960
3,0.6701846965699209,0.6015474911217422,0.6701846965699209,0.5594507691509516,0.6944104452069312,0.6701846965699209,0.6254123866946014,0.6701846965699209,0.6701846965699209,0.5864743068040955,0.7668949851912092,0.5791388825376929,0.09054054054054055,0.5663449939686369,0.12608695652173912,0.7925696594427245,0.44959128065395093,0.8844621513944223,0.8991404011461318,0.8830584707646177,0.67,0.939,0.29,0.512,0.33,0.8897795591182365,0.7841079460269865,0.5884115884115884,0.9429053,0.7773391,357782144,1431128576,176.39629364013672,101960
4,0.7535064574364672,0.6991020313960141,0.7535064574364672,0.6483027388319498,0.7743819918726504,0.7535064574364672,0.7086408264196041,0.7535064574364672,0.7535064574364672,0.638261935634266,0.8097614270146477,0.6928376144936712,0.2676056338028169,0.8492890995260663,0.1187648456057007,0.8312421580928482,0.3888111888111888,0.931958762886598,0.9010863350485993,0.8173374613003096,0.57,0.896,0.5,0.6625,0.556,0.905811623246493,0.7876061969015492,0.7912087912087912,0.8508765,0.6066817,357782144,1788910720,174.62415957450867,101960
5,0.7532287182335786,0.701639820451025,0.7532287182335786,0.6586893923327803,0.7738133045362633,0.7532287182335786,0.7400751695328904,0.7532287182335786,0.7532287182335786,0.645103723904434,0.8261987855188183,0.7268603078947367,0.2818181818181818,0.9037487335359676,0.13908872901678657,0.888421052631579,0.39208173690932313,0.9178082191780822,0.9332477535301669,0.7046153846153846,0.62,0.892,0.58,0.633,0.614,0.9398797595190381,0.7266366816591704,0.9150849150849151,0.77357024,0.5974985,357782144,2146692864,176.2184853553772,101960
6,0.7737814192473268,0.7229720007201048,0.7737814192473268,0.6617621527956764,0.7905971649136013,0.7737814192473268,0.7240891340192463,0.7737814192473268,0.7737814192473268,0.6485105462262545,0.8232222679790939,0.6974509486936182,0.20795107033639143,0.9035175879396985,0.18848167539267016,0.8386889460154242,0.37745098039215685,0.9070208728652751,0.8994176813128639,0.8655555555555555,0.68,0.899,0.36,0.6525,0.616,0.9579158316633266,0.8490754622688655,0.7782217782217782,0.639561,0.5440412,357782144,2504475008,176.99561190605164,101960
7,0.7347590612414943,0.6754359549701136,0.7347590612414943,0.6267161470393677,0.765050517892953,0.7347590612414943,0.6779064364194571,0.7347590612414943,0.7347590612414943,0.6867046268710224,0.8140824848759587,0.5809225384831679,0.09364908503767493,0.9309623430962343,0.4583333333333333,0.6964856230031949,0.5773480662983426,0.9292730844793713,0.921301775147929,0.8862837045720985,0.87,0.89,0.11,0.654,0.418,0.9478957915831663,0.7781109445277361,0.7552447552447552,0.5845098,0.6060837,357782144,2862257152,176.3784384727478,101960
8,0.7714206360227747,0.7231800604097947,0.7714206360227747,0.6661205521710318,0.7958458435261203,0.7714206360227747,0.7600846106540633,0.7714206360227747,0.7714206360227747,0.6544970696556136,0.8446087369258664,0.7472155529612294,0.1820388349514563,0.9357142857142857,0.14555256064690028,0.8898128898128899,0.44585091420534456,0.8919925512104283,0.9191390343222804,0.8258754863813229,0.75,0.917,0.54,0.642,0.634,0.9599198396793587,0.7896051974012993,0.8481518481518482,0.6539062,0.5333914,357782144,3220039296,174.39115047454834,101960
9,0.7679488959866685,0.7163502129199537,0.7679488959866685,0.6590467255210104,0.7909525030305801,0.7679488959866685,0.7444101645192687,0.7679488959866685,0.7679488959866685,0.6545433632784846,0.8305903473120848,0.7276626848107826,0.1532567049808429,0.9572649572649573,0.17894736842105263,0.8167892156862745,0.48300536672629696,0.8458844133099825,0.8904182106934886,0.9107806691449815,0.8,0.896,0.51,0.6665,0.54,0.9679358717434869,0.8405797101449275,0.7342657342657343,0.54071045,0.5311849,357782144,3577821440,174.16536450386047,101960
10,0.7883627273989724,0.7428909477935031,0.7883627273989724,0.6848287369635486,0.8091053616846392,0.7883627273989724,0.7748241385523842,0.7883627273989724,0.7883627273989724,0.6718486710358055,0.8525465118771254,0.7613984336454361,0.1925925925925926,0.93,0.16507936507936508,0.8916723087339201,0.5037147102526003,0.9710743801652892,0.9312754804892254,0.7893805309734513,0.78,0.93,0.52,0.6585,0.678,0.9418837675350702,0.7991004497751124,0.8911088911088911,0.5606532,0.51996744,357782144,3935603584,174.39177918434143,101960
11,0.7680877655881128,0.7204255348926342,0.7680877655881128,0.6654322565398509,0.7936425647167608,0.7680877655881128,0.7689541493213006,0.7680877655881128,0.7680877655881128,0.6574003899661347,0.8513851111874629,0.7534772707974425,0.16942148760330578,0.9395491803278688,0.1341772151898734,0.9103703703703704,0.5080645161290323,0.898876404494382,0.9371601208459215,0.7615838247683235,0.82,0.917,0.53,0.6145,0.63,0.9619238476953907,0.775112443778111,0.903096903096903,0.49968603,0.5296567,357782144,4293385728,178.70347213745117,101960
12,0.8016942091376198,0.7575319798484464,0.8016942091376198,0.6908875122354252,0.8214745272039673,0.8016942091376198,0.767268450474882,0.8016942091376198,0.8016942091376198,0.6818054514334055,0.8557383339766914,0.7470831246957861,0.1593625498007968,0.8838289962825279,0.21359223300970873,0.8707058088694566,0.5485008818342152,0.9693877551020408,0.9307862679955703,0.8782791185729276,0.8,0.951,0.44,0.697,0.622,0.9519038076152304,0.84007996001999,0.8361638361638362,0.51405627,0.4867311,357782144,4651167872,174.79995894432068,101960
13,0.7918344674350785,0.7481090970560991,0.7918344674350785,0.6979446236719579,0.8089142305068183,0.7918344674350785,0.8021299896890113,0.7918344674350785,0.7918344674350785,0.6810178856081703,0.8648925133551434,0.7919370610654147,0.2682119205298013,0.9358074222668004,0.18518518518518517,0.9625796178343949,0.45663265306122447,0.9592668024439919,0.9326542161856254,0.74780526735834,0.81,0.933,0.65,0.6045,0.716,0.9438877755511023,0.8235882058970515,0.936063936063936,0.5104712,0.4859076,357782144,5008950016,174.81131505966187,101960
14,0.780169420913762,0.7348893420900543,0.780169420913762,0.684158337280974,0.8008822106460014,0.780169420913762,0.7900159618490952,0.780169420913762,0.780169420913762,0.6680231083542513,0.858368974192675,0.7767427247867718,0.21428571428571427,0.9085659287776708,0.18272425249169436,0.9288824383164006,0.4433497536945813,0.9503968253968254,0.9614643545279383,0.7545155993431856,0.84,0.944,0.55,0.64,0.72,0.9599198396793587,0.7481259370314842,0.9180819180819181,0.48534983,0.5327842,357782144,5366732160,176.12991952896118,101960
15,0.7737814192473268,0.7240015692513324,0.7737814192473268,0.6728567930800871,0.79946223570492,0.7737814192473268,0.7511541727674074,0.7737814192473268,0.7737814192473268,0.6753733250383097,0.840969106664244,0.7232215961708953,0.12569832402234637,0.9545454545454546,0.24836601307189543,0.7961104140526977,0.5695238095238095,0.8948339483394834,0.9246392303580973,0.889269406392694,0.9,0.882,0.38,0.6345,0.598,0.9719438877755511,0.8645677161419291,0.7782217782217782,0.45140845,0.5369599,357782144,5724514304,181.58535861968994,101960
16,0.7998889043188446,0.7567448213184709,0.7998889043188446,0.7034550618467837,0.8197045544780772,0.7998889043188446,0.799700700333931,0.7998889043188446,0.7998889043188446,0.6857148001687812,0.8611767696520705,0.790824536632064,0.2736156351791531,0.9022988505747126,0.15,0.9093830334190232,0.5350609756097561,0.9710743801652892,0.9397810218978102,0.8045045045045045,0.84,0.942,0.6,0.7075,0.702,0.9418837675350702,0.7721139430284858,0.8921078921078921,0.49512574,0.46772963,357782144,6082296448,175.87890148162842,101960
17,0.7846132481599778,0.7403588855347709,0.7846132481599778,0.6963363278323262,0.8077689356658918,0.7846132481599778,0.8073878615722654,0.7846132481599778,0.7846132481599778,0.6816872398470104,0.8667910779548137,0.7984222742941064,0.29591836734693877,0.9025787965616046,0.13306451612903225,0.9534883720930233,0.48202396804260983,0.9555555555555556,0.9388753056234719,0.7919930374238469,0.87,0.945,0.66,0.6355,0.724,0.9478957915831663,0.767616191904048,0.9090909090909091,0.48545206,0.5063977,357782144,6440078592,174.10122632980347,101960
18,0.791001249826413,0.7459104377083695,0.791001249826413,0.6802532876927913,0.8107851289090552,0.791001249826413,0.7597014016392126,0.791001249826413,0.791001249826413,0.6814261184797801,0.8561176726189778,0.7119414570417243,0.1355421686746988,0.9450661241098678,0.3068181818181818,0.8888059701492538,0.5223642172523961,0.8747731397459165,0.9204781704781705,0.8575609756097561,0.9,0.929,0.27,0.5955,0.654,0.9659318637274549,0.8850574712643678,0.8781218781218781,0.4280358,0.5057755,357782144,6797860736,172.36180710792542,101960
19,0.8182196917094848,0.7774672548835233,0.8182196917094848,0.7180138481708542,0.8334900670234666,0.8182196917094848,0.8011491731293341,0.8182196917094848,0.8182196917094848,0.6956632928723081,0.8638382460708274,0.7901437493819844,0.30970149253731344,0.8814949863263446,0.17684887459807075,0.9015197568389057,0.5235294117647059,0.962,0.9334849346219443,0.8767268862911796,0.83,0.967,0.55,0.7415,0.712,0.9639278557114228,0.8205897051474262,0.8241758241758241,0.48226386,0.43422472,357782144,7155642880,179.09777450561523,101960
20,0.7757255936675461,0.7303976427952806,0.775725593667546,0.6833818156732119,0.8043876869302423,0.7757255936675461,0.8025253978341871,0.7757255936675461,0.7757255936675461,0.6745709277414116,0.8672644330866368,0.7918126902706257,0.18218623481781376,0.9370629370629371,0.1488833746898263,0.8916494133885439,0.478643216080402,0.9361702127659575,0.961437908496732,0.8605341246290801,0.9,0.938,0.6,0.646,0.762,0.969939879759519,0.7351324337831084,0.8691308691308691,0.45252293,0.5183447,357782144,7513425024,180.80045819282532,101960
21,0.7657269823635606,0.7197187951519912,0.7657269823635607,0.6980041239093033,0.7998400724243815,0.7657269823635606,0.8114044822142796,0.7657269823635606,0.7657269823635606,0.6960879545448491,0.8758450993945646,0.8038925175037319,0.35454545454545455,0.9375,0.10552763819095477,0.9088050314465409,0.47853535353535354,0.9656565656565657,0.9647611589663273,0.8533724340175953,0.78,0.945,0.84,0.7225,0.758,0.9579158316633266,0.6156921539230384,0.8721278721278721,0.43401575,0.48790258,357782144,7871207168,180.87548398971558,101960
22,0.7941952506596306,0.750545739821332,0.7941952506596307,0.6907430218074978,0.8190554084989463,0.7941952506596306,0.7936447422815787,0.7941952506596306,0.7941952506596306,0.6819400661997495,0.8664900832499888,0.7808475377979633,0.15398230088495576,0.9053030303030303,0.1853035143769968,0.8975382568196939,0.603448275862069,0.9111531190926276,0.948306595365419,0.8504854368932039,0.87,0.956,0.58,0.6745,0.63,0.9659318637274549,0.7976011994002998,0.8751248751248751,0.43549407,0.4649858,357782144,8228989312,176.46736884117126,101960
23,0.7946118594639633,0.752329115054414,0.7946118594639634,0.7217223658887895,0.822877618661442,0.7946118594639633,0.8138968995758087,0.7946118594639633,0.7946118594639633,0.7127538364865992,0.8807182322342126,0.8078321918430835,0.45962732919254656,0.9366336633663367,0.11323529411764706,0.9391415759128764,0.5236768802228412,0.9544554455445544,0.9547014413177762,0.8205590622182146,0.74,0.946,0.77,0.733,0.752,0.9659318637274549,0.6951524237881059,0.9090909090909091,0.44990468,0.44170943,357782144,8586771456,180.37536239624023,101960
24,0.7690598527982224,0.7228204578220351,0.7690598527982225,0.7051661005411319,0.8038563228026926,0.7690598527982224,0.7909016267425897,0.7690598527982224,0.7690598527982224,0.7118636116168929,0.8750408335281189,0.7815644107371726,0.4563758389261745,0.8667866786678667,0.09040793825799338,0.9218843172331544,0.5759599332220368,0.9852631578947368,0.9562798092209857,0.8419512195121951,0.68,0.963,0.82,0.773,0.69,0.9378757515030061,0.6011994002998501,0.8621378621378621,0.43758425,0.4829169,357782144,8944553600,177.22755217552185,101960
25,0.7873906401888626,0.7437015055143298,0.7873906401888626,0.6935009465685449,0.8144929687553129,0.7873906401888626,0.8102657423971328,0.7873906401888626,0.7873906401888626,0.6846161153679055,0.8718271857645179,0.7999482468206417,0.1566265060240964,0.9474747474747475,0.18584070796460178,0.901060070671378,0.5509893455098934,0.9410609037328095,0.9534313725490197,0.8404452690166976,0.91,0.938,0.63,0.6375,0.724,0.9599198396793587,0.7776111944027986,0.9050949050949051,0.45318148,0.48781323,357782144,9302335744,174.17390131950378,101960
26,0.8100263852242744,0.7692250495297456,0.8100263852242745,0.7157072845557668,0.8286032227075656,0.8100263852242744,0.8097703417371183,0.8100263852242744,0.8100263852242744,0.6928084398510923,0.8701839872691902,0.8016287654941822,0.34334763948497854,0.9071090047393365,0.15058823529411763,0.9230769230769231,0.5236686390532544,0.9185606060606061,0.9654498044328553,0.8106666666666666,0.8,0.957,0.64,0.75,0.708,0.9719438877755511,0.7401299350324838,0.9110889110889111,0.42865595,0.43438655,357782144,9660117888,174.25839567184448,101960
27,0.7946118594639633,0.7520090639826166,0.7946118594639634,0.7008345608113631,0.8169080298806904,0.7946118594639633,0.817015932681626,0.7946118594639633,0.7946118594639633,0.6824645015165685,0.871871616256393,0.809618371531747,0.26126126126126126,0.9604989604989606,0.1559633027522936,0.9427344309234073,0.508819538670285,0.8923933209647495,0.9511599511599511,0.7868852459016393,0.87,0.924,0.68,0.6585,0.75,0.9639278557114228,0.7786106946526736,0.9110889110889111,0.43473762,0.47436553,357782144,10017900032,175.47695970535278,101960
28,0.8011387307318428,0.7591327591605088,0.8011387307318428,0.7134292546432435,0.8223643321351909,0.8011387307318428,0.82202127019642,0.8011387307318428,0.8011387307318428,0.693969629470897,0.8704608779973505,0.8164956414825105,0.3192307692307692,0.892623716153128,0.15274949083503056,0.907103825136612,0.5313868613138686,0.9447731755424064,0.9713310580204778,0.8325581395348837,0.83,0.956,0.75,0.747,0.728,0.9599198396793587,0.711144427786107,0.8941058941058941,0.394819,0.4428925,357782144,10375682176,173.08609342575073,101960
29,0.8096097764199417,0.7681968779390476,0.8096097764199417,0.7129126717787734,0.8340880024659224,0.8096097764199417,0.8141525830552628,0.8096097764199417,0.8096097764199417,0.7017888851135434,0.8779214964342358,0.8083137336366588,0.267741935483871,0.9523326572008114,0.1381957773512476,0.874931129476584,0.6176470588235294,0.9201520912547528,0.9659908436886854,0.877319587628866,0.83,0.939,0.72,0.794,0.672,0.969939879759519,0.7381309345327336,0.8501498501498501,0.36683363,0.45346737,357782144,10733464320,179.04269576072693,101960
30,0.7814192473267602,0.7364505058569583,0.7814192473267603,0.6976326296035626,0.8085819467614374,0.7814192473267602,0.8056538336237997,0.7814192473267602,0.7814192473267602,0.6861654020390782,0.8706375688157282,0.8002160217962555,0.319672131147541,0.968682505399568,0.14457831325301204,0.9240596167494677,0.4194871794871795,0.9067164179104478,0.9361060880048222,0.870020964360587,0.78,0.897,0.72,0.651,0.818,0.9739478957915831,0.776111944027986,0.8291708291708292,0.4421934,0.5188725,357782144,11091246464,175.63735437393188,101960
31,0.7930842938480767,0.7503838583132838,0.7930842938480767,0.70154108882944,0.8147712470845158,0.7930842938480767,0.8173275278867782,0.7930842938480767,0.7930842938480767,0.6870618894828266,0.8748004454672922,0.8091964856392323,0.24695121951219512,0.955193482688391,0.15848214285714285,0.9597791798107256,0.4906832298136646,0.9377431906614786,0.9214570290267502,0.8262056414922657,0.81,0.938,0.71,0.6085,0.79,0.9659318637274549,0.809095452273863,0.9070929070929071,0.46320727,0.46576798,357782144,11449028608,175.09384632110596,101960
32,0.7635050687404528,0.7177957778339272,0.7635050687404528,0.6785003877710927,0.8010594921146839,0.7635050687404528,0.8109055813026351,0.7635050687404528,0.7635050687404528,0.679220492749616,0.8805765386067074,0.8026683937243185,0.19027484143763213,0.9421157684630739,0.11045655375552282,0.9150066401062417,0.5325443786982249,0.8911439114391144,0.9738023952095808,0.878419452887538,0.9,0.944,0.75,0.689,0.72,0.9679358717434869,0.6501749125437282,0.8661338661338661,0.41317213,0.48592934,357782144,11806810752,173.1049177646637,101960
33,0.7811415081238717,0.7373242868707788,0.7811415081238716,0.7094506337162911,0.813638196225065,0.7811415081238717,0.8118959863959975,0.7811415081238717,0.7811415081238717,0.703312572231888,0.8815836778388232,0.8058087145198575,0.39215686274509803,0.9404170804369414,0.10217983651226158,0.9611032531824611,0.5019659239842726,0.9636363636363636,0.9375830013280213,0.8274582560296846,0.8,0.947,0.75,0.6795,0.766,0.9559118236472945,0.7056471764117941,0.8911088911088911,0.40228117,0.45663607,357782144,12164592896,173.97445368766785,101960
34,0.7847521177614221,0.7410207350008138,0.7847521177614221,0.7032188911966246,0.8138553344928918,0.7847521177614221,0.8202121448864551,0.7847521177614221,0.7847521177614221,0.6945117309289405,0.8771201489173862,0.8143656061960939,0.2852112676056338,0.9463019250253293,0.12310030395136778,0.9108241082410824,0.552437223042836,0.9542743538767395,0.9692307692307692,0.8147138964577657,0.81,0.934,0.81,0.7405,0.748,0.9619238476953907,0.6611694152923538,0.8961038961038961,0.44596952,0.45211098,357782144,12522375040,175.63273930549622,101960
35,0.8112762116372726,0.7706756417128746,0.8112762116372725,0.7127468397733887,0.8307742442985776,0.8112762116372726,0.8090804251806087,0.8112762116372726,0.8112762116372726,0.6931131574762441,0.8743891457404249,0.7980855153147958,0.27631578947368424,0.9396636993076162,0.16224188790560473,0.9219479653102068,0.4950859950859951,0.9484126984126984,0.9452214452214452,0.8560157790927022,0.84,0.95,0.55,0.691,0.806,0.9579158316633266,0.8105947026486756,0.8671328671328671,0.37406757,0.43215984,357782144,12880157184,174.91806411743164,101960
36,0.7636439383418969,0.7176420961352008,0.7636439383418969,0.6740250754383301,0.788373096837506,0.7636439383418969,0.7972092833427765,0.7636439383418969,0.7636439383418969,0.6669829537953786,0.8672068410736156,0.7786352808046025,0.13650306748466257,0.9532520325203252,0.24034334763948498,0.9261926192619262,0.4430939226519337,0.8305084745762712,0.9576877234803337,0.8482824427480916,0.89,0.938,0.56,0.5145,0.802,0.9819639278557114,0.8030984507746127,0.8881118881118881,0.3719617,0.54334056,357782144,13237939328,171.90616083145142,101960
37,0.7889182058047494,0.7451612922001989,0.7889182058047494,0.6976893847618089,0.8213332557371219,0.7889182058047494,0.8114706368355431,0.7889182058047494,0.7889182058047494,0.6945360600137236,0.8810327706335881,0.8057214079261741,0.2361111111111111,0.9367588932806324,0.11728395061728394,0.8952879581151832,0.5827702702702703,0.921455938697318,0.9619640387275242,0.9046563192904656,0.85,0.948,0.76,0.7695,0.69,0.9639278557114228,0.6951524237881059,0.8151848151848152,0.43620247,0.4404112,357782144,13595721472,179.77557516098022,101960
38,0.8229412581585891,0.7832661913789315,0.8229412581585891,0.7221209740752428,0.8411368616910005,0.8229412581585891,0.8130258923970803,0.8229412581585891,0.8229412581585891,0.7040443477579315,0.8731527037428402,0.8063929425912423,0.2727272727272727,0.9255014326647565,0.16624040920716113,0.8929804372842347,0.6217162872154116,0.9233716475095786,0.9289458357600466,0.900871459694989,0.81,0.969,0.65,0.776,0.71,0.9659318637274549,0.7971014492753623,0.8261738261738262,0.37984228,0.3872308,357782144,13953503616,181.67620134353638,101960
39,0.7640605471462297,0.7177508032723514,0.7640605471462297,0.6706820490021279,0.793083465138449,0.7640605471462297,0.8028364992914805,0.7640605471462297,0.7640605471462297,0.6614730422877606,0.8622548301981411,0.7917002376333684,0.14545454545454545,0.9436201780415431,0.16666666666666666,0.8974739970282318,0.551948051948052,0.78330658105939,0.9673550966022652,0.8359592215013901,0.88,0.954,0.7,0.604,0.68,0.9779559118236473,0.7256371814092953,0.9010989010989011,0.4781133,0.52645195,357782144,14311285760,176.87688493728638,101960
40,0.7683655047910013,0.7232221313014959,0.7683655047910013,0.6917834203924387,0.8051455422429755,0.7683655047910013,0.8174601829977917,0.7683655047910013,0.7683655047910013,0.6952291786620461,0.8832905481690185,0.8084998638352185,0.2359249329758713,0.9586776859504132,0.10150375939849623,0.9318948078219824,0.6275229357798165,0.9545454545454546,0.9607698001480385,0.7909940526762956,0.88,0.928,0.81,0.691,0.684,0.9679358717434869,0.6486756621689156,0.9300699300699301,0.40590173,0.4550476,357782144,14669067904,177.7801959514618,101960
41,0.8044716011665046,0.7630368097801052,0.8044716011665046,0.7023826677935985,0.8263807554246437,0.8044716011665046,0.8118368365591453,0.8044716011665046,0.8044716011665046,0.685834585030506,0.8742947802698836,0.7987957606733721,0.18003913894324852,0.9375,0.21235521235521235,0.916955017301038,0.53737658674189,0.8663101604278075,0.9461934745277619,0.8899470899470899,0.92,0.96,0.55,0.6625,0.762,0.9739478957915831,0.8260869565217391,0.8401598401598401,0.38572836,0.45785218,357782144,15026850048,172.59130120277405,101960
42,0.8091931676156089,0.7684745907554985,0.8091931676156089,0.7169374543389002,0.8304658015060181,0.8091931676156089,0.8137702833984279,0.8091931676156089,0.8091931676156089,0.6956115204943107,0.8738966753517982,0.8072337327049715,0.38349514563106796,0.9588477366255144,0.13333333333333333,0.9333333333333333,0.5806988352745425,0.7947882736156352,0.946608040201005,0.8337874659400545,0.79,0.932,0.7,0.742,0.698,0.9779559118236473,0.7531234382808596,0.9170829170829171,0.37318915,0.42684275,357782144,15384632192,172.30716466903687,101960
43,0.7901680322177476,0.74760664151991,0.7901680322177477,0.7185523375366643,0.8191151490070742,0.7901680322177476,0.8203435579537153,0.7901680322177476,0.7901680322177476,0.707956487258591,0.8836282230113173,0.8146515345086963,0.4588235294117647,0.9581632653061225,0.12050078247261346,0.9345911949685535,0.46048109965635736,0.9055555555555556,0.9682539682539683,0.8572825024437928,0.78,0.939,0.77,0.743,0.804,0.9799599198396793,0.670664667666167,0.8761238761238761,0.3771736,0.43739927,357782144,15742414336,176.92877769470215,101960
44,0.8307179558394667,0.7921962842702279,0.8307179558394667,0.7384892406114566,0.8455897657456101,0.8307179558394667,0.8186513709203513,0.8307179558394667,0.8307179558394667,0.7187179349539867,0.8740943474961741,0.8114225872730975,0.42021276595744683,0.9285714285714286,0.16435185185185186,0.8723958333333334,0.6365422396856582,0.8937728937728938,0.9625396825396826,0.871356783919598,0.79,0.962,0.71,0.8375,0.648,0.9779559118236473,0.7576211894052973,0.8661338661338661,0.38295656,0.38773954,357782144,16100196480,177.22165489196777,101960
45,0.8082210804054992,0.7678420493699022,0.8082210804054992,0.7187527800679331,0.8293012869794478,0.8082210804054992,0.8301378665173753,0.8082210804054992,0.8082210804054992,0.6996803714874307,0.8811946930463819,0.8238417123263685,0.3087719298245614,0.9455095862764884,0.16786570743405277,0.9524147727272727,0.48225214198286415,0.9616935483870968,0.9457547169811321,0.8331805682859762,0.88,0.937,0.7,0.6705,0.788,0.9559118236472945,0.8015992003998001,0.9080919080919081,0.36445498,0.41619873,357782144,16457978624,174.52946519851685,101960
46,0.8103041244271629,0.7696522013950087,0.8103041244271629,0.7143111130717472,0.8347929046496922,0.8103041244271629,0.817459020012828,0.8103041244271629,0.8103041244271629,0.702616912844733,0.8799673834326458,0.8112529762160607,0.2530487804878049,0.8997214484679665,0.13618677042801555,0.9170761670761671,0.6324324324324324,0.9580838323353293,0.9433374844333748,0.8810483870967742,0.83,0.969,0.7,0.7465,0.702,0.9619238476953907,0.7571214392803598,0.8731268731268731,0.3520018,0.41553587,357782144,16815760768,173.25597882270813,101960
47,0.7946118594639633,0.7526706917663653,0.7946118594639634,0.7002708920923075,0.8216791698245486,0.7946118594639633,0.8242080964948842,0.7946118594639633,0.7946118594639633,0.6891346408331054,0.8814477676070268,0.8152111820993974,0.21462264150943397,0.9437869822485208,0.13539651837524178,0.9483260553129549,0.5823817292006526,0.9005524861878453,0.9414990859232175,0.8465116279069768,0.91,0.957,0.7,0.6515,0.714,0.9799599198396793,0.7721139430284858,0.9090909090909091,0.40709007,0.4367435,357782144,17173542912,172.0611608028412,101960
48,0.8282183030134703,0.7903807579955244,0.8282183030134703,0.7339867221767493,0.8465705990866575,0.8282183030134703,0.8228338441817227,0.8282183030134703,0.8282183030134703,0.7121929831589457,0.8811093259549951,0.8164681374398902,0.3761904761904762,0.9331395348837209,0.1503267973856209,0.9194117647058824,0.6,0.9070631970260223,0.9544054220579175,0.8570066730219257,0.79,0.963,0.69,0.7815,0.708,0.9779559118236473,0.7741129435282359,0.8981018981018981,0.3597138,0.3963202,357782144,17531325056,171.94688868522644,101960
49,0.8025274267462852,0.7614132984854001,0.8025274267462853,0.7157623148407495,0.8266428972238019,0.8025274267462852,0.828211934322459,0.8025274267462852,0.8025274267462852,0.6964322239786909,0.8782667744622337,0.8227781643067019,0.3373493975903614,0.9247830279652844,0.13620071684587814,0.9381578947368421,0.5403458213256485,0.8822463768115942,0.9513444302176697,0.8610301263362488,0.84,0.959,0.76,0.713,0.75,0.9759519038076152,0.7426286856571714,0.8851148851148851,0.33902422,0.4155782,357782144,17889107200,177.2341661453247,101960
50,0.8166921260935981,0.7772104746600155,0.8166921260935981,0.7218617409693899,0.8406649699515092,0.8166921260935981,0.821588086870553,0.8166921260935981,0.8166921260935981,0.7059856669444871,0.8841725668786606,0.8166060219828593,0.3147410358565737,0.9294685990338164,0.1378026070763501,0.9350247524752475,0.5778491171749599,0.9169811320754717,0.9378019323671497,0.8982161594963274,0.79,0.962,0.74,0.7555,0.72,0.9739478957915831,0.776111944027986,0.8551448551448552,0.3378526,0.3807744,357782144,18246889344,176.90676307678223,101960
51,0.825163171781697,0.7869912057497433,0.825163171781697,0.7257605021188787,0.8468123621725246,0.825163171781697,0.8272695541226537,0.825163171781697,0.825163171781697,0.7093575800380626,0.8860793266726532,0.8208066790461219,0.2792207792207792,0.9401544401544402,0.148068669527897,0.9125812167749557,0.6380255941499086,0.9161904761904762,0.9539594843462247,0.8866599799398195,0.86,0.974,0.69,0.7725,0.698,0.9639278557114228,0.7766116941529235,0.8831168831168831,0.36406615,0.39647418,357782144,18604671488,176.47796249389648,101960
52,0.8234967365643661,0.7845688376123829,0.8234967365643661,0.7264372041087472,0.8395302174192665,0.8234967365643661,0.8216390623705427,0.8234967365643661,0.8234967365643661,0.7052646306593161,0.8738320210537487,0.8125779437976519,0.3386454183266932,0.9087488240827846,0.1619718309859155,0.9207800121876905,0.639511201629328,0.9096045197740112,0.9538274605103281,0.8090277777777778,0.85,0.966,0.69,0.7555,0.628,0.9679358717434869,0.784607696151924,0.9310689310689311,0.38602418,0.38421482,357782144,18962453632,177.5731475353241,101960
53,0.8228023885571448,0.7843675663847953,0.8228023885571449,0.7284399314161767,0.8443390333010252,0.8228023885571448,0.8211465623855578,0.8228023885571448,0.8228023885571448,0.7093678070483447,0.8840524185700126,0.8146221625974054,0.3521739130434783,0.9319066147859922,0.13267326732673268,0.9337050805452293,0.6033333333333334,0.9070631970260223,0.9480676328502415,0.8660194174757282,0.81,0.958,0.67,0.7535,0.724,0.9779559118236473,0.784607696151924,0.8911088911088911,0.40698195,0.38093066,357782144,19320235776,177.30455684661865,101960
54,0.820580474934037,0.7818272906981669,0.8205804749340369,0.7294723603417097,0.8411479351221613,0.820580474934037,0.8230199062730471,0.820580474934037,0.820580474934037,0.7104294925720275,0.8818609047472558,0.8163660619896557,0.3767441860465116,0.8965835641735919,0.13333333333333333,0.9565780946208684,0.6353790613718412,0.9001848428835489,0.9362336114421931,0.8483992467043314,0.81,0.971,0.7,0.738,0.704,0.9759519038076152,0.7851074462768616,0.9000999000999002,0.32833105,0.39465487,357782144,19678017920,176.3404188156128,101960
55,0.8019719483405082,0.760872617357219,0.8019719483405082,0.7329765954117695,0.830576327773593,0.8019719483405082,0.8245848103182698,0.8019719483405082,0.8019719483405082,0.7233282641143961,0.8850532355516791,0.8188155115476895,0.5095541401273885,0.9299610894941635,0.10972222222222222,0.9627659574468085,0.5866013071895425,0.9222011385199241,0.9347826086956522,0.8310376492194674,0.8,0.956,0.79,0.724,0.718,0.9739478957915831,0.7306346826586707,0.9040959040959041,0.40898275,0.41105714,357782144,20035800064,174.90158200263977,101960
56,0.8247465629773643,0.7851490228278906,0.8247465629773643,0.7102204548597832,0.8402436425380206,0.8247465629773643,0.8002714063459603,0.8247465629773643,0.8247465629773643,0.69452265336735,0.8720300181858065,0.7837058312606103,0.21836228287841192,0.9343137254901961,0.19047619047619047,0.9233741146168706,0.6546610169491526,0.8221476510067114,0.9053010808028822,0.9075451647183846,0.88,0.953,0.52,0.717,0.618,0.9819639278557114,0.8790604697651174,0.8531468531468531,0.39006996,0.39659366,357782144,20393582208,175.66420125961304,101960
57,0.8026662963477295,0.7609810143502429,0.8026662963477296,0.7406388495785401,0.8318385061317375,0.8026662963477295,0.8143973632750056,0.8026662963477295,0.8026662963477295,0.7428700905581452,0.8834380062395096,0.8079036656752389,0.6636363636363637,0.9259980525803311,0.10789473684210527,0.9162763466042154,0.6024734982332155,0.9193857965451055,0.9568197395476353,0.8504761904761905,0.73,0.951,0.82,0.7825,0.682,0.9599198396793587,0.6976511744127936,0.8921078921078921,0.36559772,0.38385382,357782144,20751364352,177.63101077079773,101960
58,0.8236356061658103,0.7851877705288718,0.8236356061658103,0.7318567892609749,0.8423298021788348,0.8236356061658103,0.82601760068136,0.8236356061658103,0.8236356061658103,0.7089487588572556,0.8794694197475982,0.8189714345244263,0.4068627450980392,0.9583756345177665,0.1463917525773196,0.9297163995067818,0.5943562610229277,0.846286701208981,0.9490600363856883,0.8405405405405405,0.83,0.944,0.71,0.754,0.674,0.9819639278557114,0.7821089455272364,0.932067932067932,0.34607017,0.38245225,357782144,21109146496,174.7762484550476,101960
59,0.8179419525065963,0.7778977185425204,0.8179419525065962,0.7172087895551709,0.8314252280344029,0.8179419525065963,0.8178261865631992,0.8179419525065963,0.8179419525065963,0.6953328076600462,0.8697543132814097,0.8060579398598077,0.26253687315634217,0.9038642789820923,0.18575851393188855,0.9568397951719093,0.6121739130434782,0.8996282527881041,0.9021232522009321,0.8397375820056232,0.89,0.959,0.6,0.654,0.704,0.969939879759519,0.8705647176411794,0.8951048951048951,0.36217332,0.4022499,357782144,21466928640,171.85205459594727,101960
60,0.790445771420636,0.7472195523024071,0.790445771420636,0.6926492470642115,0.8270547662797797,0.790445771420636,0.8086522351011031,0.790445771420636,0.790445771420636,0.7048288373000211,0.8923582960981781,0.7990357690133796,0.1480865224625624,0.9184060721062619,0.13611615245009073,0.9325691166554282,0.7321867321867321,0.9216061185468452,0.936423054070113,0.9132369299221357,0.89,0.968,0.75,0.6915,0.596,0.9659318637274549,0.7876061969015492,0.8201798201798202,0.34712774,0.42624557,357782144,21824710784,177.40507316589355,101960
61,0.7822524649354257,0.7382211834173945,0.7822524649354257,0.6940512248447396,0.8103050209527726,0.7822524649354257,0.8205895351574436,0.7822524649354257,0.7822524649354257,0.6829310111215512,0.8722045332116803,0.8114758831924592,0.25722543352601157,0.9486404833836858,0.12206572769953052,0.9158699808795411,0.6040515653775322,0.831081081081081,0.9594017094017094,0.8251121076233184,0.89,0.942,0.78,0.7185,0.656,0.9859719438877755,0.6731634182908546,0.919080919080919,0.44125134,0.4507287,357782144,22182492928,179.27693271636963,101960
62,0.8130815164560478,0.7739043440181461,0.8130815164560478,0.7331146554347381,0.8363987777595561,0.8130815164560478,0.8366455360268741,0.8130815164560478,0.8130815164560478,0.7146688016484131,0.887320981755363,0.8315924362816487,0.418848167539267,0.9557344064386318,0.1400709219858156,0.9533333333333334,0.537292817679558,0.9297912713472486,0.9546313799621928,0.8276481149012568,0.8,0.95,0.79,0.715,0.778,0.9819639278557114,0.7571214392803598,0.9210789210789211,0.38841105,0.40612364,357782144,22540275072,176.6397693157196,101960
63,0.8119705596444938,0.7720324471030107,0.8119705596444938,0.7313919688465726,0.8375025158904855,0.8119705596444938,0.8332756525882012,0.8119705596444938,0.8119705596444938,0.7155989932144202,0.8858104794764403,0.8288029336509779,0.4146341463414634,0.9657676348547718,0.12682926829268293,0.9175920514319111,0.5792778649921507,0.8952205882352942,0.9599733155436958,0.8654970760233918,0.85,0.931,0.78,0.785,0.738,0.9759519038076152,0.7191404297851074,0.8871128871128872,0.36324364,0.37909034,357782144,22898057216,175.93804740905762,101960
64,0.7937786418552979,0.7511388436354068,0.7937786418552979,0.7172573862090619,0.8239079172535815,0.7937786418552979,0.8249749938079884,0.7937786418552979,0.7937786418552979,0.7091408073531803,0.8827294040595179,0.8181652666564975,0.39805825242718446,0.937992125984252,0.11053315994798439,0.908675799086758,0.6290909090909091,0.826890756302521,0.9594202898550724,0.902465166130761,0.82,0.953,0.85,0.796,0.692,0.9859719438877755,0.6616691654172914,0.8411588411588412,0.36512935,0.4367343,357782144,23255839360,179.97578191757202,101960
65,0.7815581169282044,0.738457056895539,0.7815581169282044,0.7244182157179696,0.8168433609233008,0.7815581169282044,0.8248393036235351,0.7815581169282044,0.7815581169282044,0.7262634969773323,0.8920364362748061,0.8166220189395632,0.48717948717948717,0.9475806451612904,0.09734513274336283,0.9419753086419753,0.5774436090225564,0.964,0.9674344718030182,0.8271493212669683,0.76,0.94,0.88,0.763,0.768,0.9659318637274549,0.6086956521739131,0.913086913086913,0.34660816,0.41892365,357782144,23613621504,177.59284949302673,101960
66,0.8093320372170532,0.7691964604300175,0.8093320372170532,0.7138148207701542,0.835855511302236,0.8093320372170532,0.82964840246076,0.8093320372170532,0.8093320372170532,0.7007522665438268,0.8861257286378328,0.8234966995222051,0.2668711656441718,0.9533267130089375,0.13368055555555555,0.9331667707682698,0.6446124763705104,0.851138353765324,0.9492063492063492,0.8740157480314961,0.87,0.96,0.77,0.747,0.682,0.9739478957915831,0.7471264367816092,0.8871128871128872,0.42139757,0.39491674,357782144,23971403648,176.33200407028198,101960
67,0.8025274267462852,0.7609681908959885,0.8025274267462853,0.7064033390984443,0.8238050841806326,0.8025274267462852,0.8187082268730245,0.8025274267462852,0.8025274267462852,0.6881400732871987,0.873400210238399,0.8104279230449287,0.2937062937062937,0.9561671763506626,0.14538310412573674,0.9385510996119016,0.62890625,0.8145695364238411,0.9616883116883117,0.7661488143908421,0.84,0.938,0.74,0.7255,0.644,0.9859719438877755,0.7401299350324838,0.936063936063936,0.37162313,0.43058723,357782144,24329185792,175.1695032119751,101960
68,0.82460769337592,0.7853388953937258,0.82460769337592,0.723551342319983,0.8441533474669117,0.82460769337592,0.8210883082022099,0.82460769337592,0.82460769337592,0.7107787242309623,0.8794354597405475,0.8131418046157095,0.31135531135531136,0.9404761904761905,0.1522633744855967,0.8938053097345132,0.7139479905437353,0.8313458262350937,0.94167167769092,0.9013641133263379,0.85,0.948,0.74,0.808,0.604,0.9779559118236473,0.782608695652174,0.8581418581418582,0.3392653,0.36277398,357782144,24686967936,175.46019196510315,101960
69,0.7940563810581863,0.7518867058310423,0.7940563810581863,0.7007772222659954,0.8233609312568776,0.7940563810581863,0.8236495632615008,0.7940563810581863,0.7940563810581863,0.6929709970843345,0.883176305935733,0.8149094590514822,0.25835866261398177,0.94831013916501,0.12406576980568013,0.933206106870229,0.6638297872340425,0.8082644628099174,0.9620081411126187,0.845724907063197,0.85,0.954,0.83,0.7335,0.624,0.9799599198396793,0.7086456771614192,0.9090909090909091,0.34172556,0.41977918,357782144,25044750080,178.71800470352173,101960
70,0.8236356061658103,0.7855971035809244,0.8236356061658103,0.7261371242539783,0.8468134345363934,0.8236356061658103,0.8328309683019652,0.8236356061658103,0.8236356061658103,0.7095522765929421,0.8900248528661657,0.8278121535536426,0.2783171521035599,0.9579055441478439,0.14784394250513347,0.9382482671707625,0.6267123287671232,0.9169811320754717,0.9489007724301842,0.8615090735434575,0.86,0.933,0.72,0.7445,0.732,0.9739478957915831,0.7981009495252374,0.9010989010989011,0.36185837,0.3952497,357782144,25402532224,174.71468448638916,101960
71,0.7930842938480767,0.7500928811260638,0.7930842938480767,0.6924461616389503,0.8189993616751502,0.7930842938480767,0.8063276893782403,0.7930842938480767,0.7930842938480767,0.685443145749328,0.8755537589984315,0.794091536952598,0.1458670988654781,0.960621761658031,0.19384615384615383,0.9305451829723674,0.6319845857418112,0.8481675392670157,0.9356659142212189,0.8368469294225481,0.9,0.927,0.63,0.623,0.656,0.9739478957915831,0.8285857071464268,0.9120879120879121,0.34204942,0.45735896,357782144,25760314368,172.49244475364685,101960
72,0.8446049159838911,0.8098162652769252,0.844604915983891,0.7488541789329805,0.8556277266613441,0.8446049159838911,0.8347621325974548,0.8446049159838911,0.8446049159838911,0.7176209759299863,0.8836378332802319,0.8251891943937558,0.35864978902953587,0.9362119725220804,0.2209737827715356,0.9427844882390337,0.5865671641791045,0.9190207156308852,0.952921157118548,0.8238387379491674,0.85,0.954,0.59,0.7415,0.786,0.9779559118236473,0.8395802098950524,0.939060939060939,0.34562805,0.3647739,357782144,26118096512,178.863689661026,101960
73,0.8130815164560478,0.7732631118624083,0.8130815164560478,0.7381661971844171,0.8376155846439337,0.8130815164560478,0.819652749297112,0.8130815164560478,0.8130815164560478,0.7306691593832138,0.8843274737138811,0.8123544471574096,0.5714285714285714,0.9208770257387988,0.12312312312312312,0.9240139211136891,0.6030150753768844,0.8641975308641975,0.9564032697547684,0.8822947576656776,0.68,0.966,0.82,0.7965,0.72,0.9819639278557114,0.7016491754122939,0.8911088911088911,0.3982619,0.37606242,357782144,26475878656,178.5201165676117,101960
74,0.8290515206221358,0.791056404367284,0.8290515206221358,0.7384010973064683,0.8472436146770052,0.8290515206221358,0.8345922456765447,0.8290515206221358,0.8290515206221358,0.7165432874823783,0.8825374599773271,0.8300447052266934,0.40096618357487923,0.9520958083832335,0.16279069767441862,0.8881720430107527,0.612736660929432,0.8361774744027304,0.9654289372599232,0.9139784946236559,0.83,0.954,0.77,0.826,0.712,0.9819639278557114,0.7536231884057971,0.8491508491508492,0.3159082,0.36167535,357782144,26833660800,177.3041214942932,101960
75,0.8093320372170532,0.7692807129817162,0.8093320372170532,0.7309655363916878,0.8340503705784569,0.8093320372170532,0.8296486192841515,0.8093320372170532,0.8093320372170532,0.7146346412195672,0.8843217885032727,0.8246314145344653,0.4426229508196721,0.9335288367546432,0.12459546925566344,0.9288728149487643,0.573373676248109,0.8962962962962963,0.9664613278576317,0.8513257575757576,0.81,0.955,0.77,0.7705,0.758,0.969939879759519,0.7056471764117941,0.8981018981018981,0.3291125,0.40114728,357782144,27191442944,178.22044587135315,101960
76,0.7985002083044022,0.757064189253992,0.7985002083044022,0.7338828390751289,0.8279420516490115,0.7985002083044022,0.8305941859564122,0.7985002083044022,0.7985002083044022,0.7258995730881326,0.8873323918262835,0.8242745612839191,0.547945205479452,0.9573604060913705,0.10966057441253264,0.9232558139534883,0.5794392523364486,0.8421955403087479,0.9608856088560885,0.8864541832669323,0.8,0.943,0.84,0.794,0.744,0.9839679358717435,0.6506746626686657,0.8891108891108891,0.32864112,0.39729607,357782144,27549225088,177.38069200515747,101960
77,0.8079433412026108,0.7675690955663734,0.8079433412026109,0.7077519520020378,0.829382410190889,0.8079433412026108,0.824641724991575,0.8079433412026108,0.8079433412026108,0.6903820778025173,0.8788403925156916,0.815498081318656,0.2335958005249344,0.9391560353287537,0.15681818181818183,0.9462068965517242,0.6294227188081937,0.8563922942206655,0.9526411657559198,0.8088235294117647,0.89,0.957,0.69,0.686,0.676,0.9799599198396793,0.7841079460269865,0.9340659340659341,0.29324257,0.42147964,357782144,27907007232,174.59474873542786,101960
78,0.8390501319261213,0.8025047004159538,0.8390501319261213,0.734454375105744,0.84998924261063,0.8390501319261213,0.8221362230484681,0.8390501319261213,0.8390501319261213,0.7106090157424554,0.8769167668903394,0.8092608918591561,0.27586206896551724,0.9359223300970874,0.21923076923076923,0.93717277486911,0.6719681908548708,0.8950276243093923,0.9208595387840671,0.8288288288288288,0.88,0.964,0.57,0.716,0.676,0.9739478957915831,0.8780609695152424,0.919080919080919,0.323977,0.3562532,357782144,28264789376,174.7314920425415,101960
79,0.7989168171087349,0.7575682047572261,0.798916817108735,0.7070732828224595,0.8252849142917457,0.7989168171087349,0.8292053754690035,0.7989168171087349,0.7989168171087349,0.6945336248282978,0.8828298531416678,0.8218066257841946,0.2535612535612536,0.9576612903225806,0.1335676625659051,0.9502385821404227,0.6263537906137184,0.8818181818181818,0.9523809523809523,0.8006872852233677,0.89,0.95,0.76,0.697,0.694,0.9719438877755511,0.7396301849075462,0.9310689310689311,0.35293272,0.43327922,357782144,28622571520,173.35446524620056,101960
80,0.802944035550618,0.7620292808100501,0.802944035550618,0.7071622723239783,0.8272872620925609,0.802944035550618,0.8268950954304739,0.802944035550618,0.802944035550618,0.6896755516850759,0.8806086838300778,0.8205026767411001,0.265625,0.9546370967741935,0.1412639405204461,0.9541029207232267,0.5993265993265994,0.8174204355108877,0.9433617539585871,0.8416666666666667,0.85,0.947,0.76,0.686,0.712,0.9779559118236473,0.7741129435282359,0.9080919080919081,0.349271,0.4099701,357782144,28980353664,173.2439706325531,101960
81,0.7943341202610749,0.7519147335326356,0.7943341202610747,0.7016285645956332,0.827341600790459,0.7943341202610749,0.82128112273902,0.7943341202610749,0.7943341202610749,0.7050163717713247,0.8901738636493562,0.8118820332964163,0.22666666666666666,0.9419862340216323,0.11814345991561181,0.9076470588235294,0.7359413202933985,0.8509532062391681,0.9651324965132496,0.8936605316973415,0.85,0.958,0.84,0.7715,0.602,0.9839679358717435,0.6916541729135433,0.8731268731268731,0.32693225,0.42935985,357782144,29338135808,174.16645860671997,101960
