epoch,accuracy,kappa,f1_micro,f1_macro,f1_weighted,recall_micro,recall_macro,recall_weighted,precision_micro,precision_macro,precision_weighted,gmean,precision_wheat,precision_corn,precision_fallow,precision_misc.,precision_orchards,precision_cereals,precision_perm._meadows,precision_protein_crops,precision_rapeseed,precision_vegetables,recall_wheat,recall_corn,recall_fallow,recall_misc.,recall_orchards,recall_cereals,recall_perm._meadows,recall_protein_crops,recall_rapeseed,recall_vegetables,trainloss,valloss,FLOPs_per_epoch,cumulative_FLOPs,runtime_per_epoch,Params
0,0.163914166947534,0.10884813664567439,0.163914166947534,0.1121797123323851,0.10298915072329264,0.163914166947534,0.21846161843774176,0.163914166947534,0.163914166947534,0.21858669957276153,0.36592317576124395,0.0,0.21505376344086022,0.5,0.027286508337544216,0.07142857142857142,0.0,0.1,0.5,0.053712480252764615,0.5853658536585366,0.13301981860933826,0.009995002498750625,0.002,0.27,0.020202020202020204,0.0,0.038,0.838,0.204,0.012,0.7904191616766467,2.5635383,2.18712,534016000,534016000,277.1121988296509,102090
1,0.4454555667902483,0.3656988500057229,0.4454555667902483,0.3483638090359712,0.4978258948323519,0.4454555667902483,0.36070989119847624,0.4454555667902483,0.4454555667902483,0.4158930528544794,0.6525014437529606,0.2930214047130208,0.7711267605633803,0.6375496313102665,0.06327543424317618,0.1504424778761062,0.07792207792207792,0.08365608055770721,0.6929347826086957,0.20224719101123595,0.9187432286023836,0.5610328638497653,0.328335832083958,0.562,0.255,0.1717171717171717,0.12,0.432,0.765,0.072,0.424,0.47704590818363274,2.1174364,1.6962999,534016000,1068032000,265.4819030761719,102090
2,0.6231884057971014,0.5586646253703806,0.6231884057971014,0.4576336510424797,0.6611877759738883,0.6231884057971014,0.4985645755556263,0.6231884057971014,0.6231884057971014,0.5260014350026537,0.762198487344739,0.424449985263893,0.7950987066031314,0.9550898203592815,0.16954022988505746,0.3888888888888889,0.07588075880758807,0.17238749046529367,0.8641025641025641,0.37442218798151,0.8885167464114833,0.5760869565217391,0.5837081459270365,0.638,0.295,0.0707070707070707,0.56,0.452,0.337,0.486,0.9285,0.6347305389221557,1.6892416,1.0389304,534016000,1602048000,269.2815637588501,102090
3,0.7332883945624087,0.6807991454210247,0.7332883945624087,0.5323532911240794,0.7528677668119206,0.7332883945624087,0.5459840478418022,0.7332883945624087,0.7332883945624087,0.56239236604698,0.787772840927935,0.4837597619577602,0.8134556574923547,0.9765674477517416,0.18,0.3939393939393939,0.12540192926045016,0.23975155279503105,0.7787081339712919,0.43636363636363634,0.9241179313678105,0.7556179775280899,0.7976011994002998,0.771,0.36,0.13131313131313133,0.39,0.386,0.651,0.48,0.956,0.5369261477045908,1.3848989,0.8075579,534016000,2136064000,263.47727370262146,102090
4,0.7271093135602741,0.6758408167867889,0.7271093135602742,0.5387756026320853,0.7546018701372524,0.7271093135602741,0.5818441084574751,0.7271093135602741,0.7271093135602741,0.5763431645817473,0.8126369431619493,0.515553351293742,0.8530386740331491,0.9778325123152709,0.17647058823529413,0.3076923076923077,0.10687022900763359,0.2716627634660422,0.8310679611650486,0.5639269406392694,0.9381393083292743,0.7367303609341825,0.7716141929035483,0.794,0.39,0.12121212121212122,0.7,0.464,0.428,0.494,0.963,0.6926147704590818,1.2268697,0.7492666,534016000,2670080000,260.20972061157227,102090
5,0.7459835973486125,0.6990693039418779,0.7459835973486125,0.5490258302167654,0.7739845707488672,0.7459835973486125,0.6070385539810388,0.7459835973486125,0.7459835973486125,0.5848666595775892,0.8387136702088628,0.5174372385162161,0.9073337123365549,0.978273299028016,0.16666666666666666,0.21428571428571427,0.09547123623011015,0.35084745762711866,0.8502415458937198,0.6176470588235294,0.9733606557377049,0.6945392491467577,0.7976011994002998,0.8555,0.43,0.09090909090909091,0.78,0.414,0.352,0.588,0.95,0.812375249500998,1.1824099,0.72526056,534016000,3204096000,272.87922191619873,102090
6,0.7713740029210201,0.7281934343659202,0.7713740029210201,0.5870348076896386,0.7914328260323475,0.7713740029210201,0.6315691545807571,0.7713740029210201,0.7713740029210201,0.593045889039198,0.8363946625987756,0.5782941924914163,0.930327868852459,0.9667721518987342,0.22065727699530516,0.2545454545454545,0.14386792452830188,0.29132231404958675,0.8469387755102041,0.6539325842696629,0.9564140663694899,0.665680473372781,0.6806596701649176,0.9165,0.235,0.2828282828282828,0.61,0.564,0.581,0.582,0.9655,0.8982035928143712,1.0711943,0.630567,534016000,3738112000,274.0566756725311,102090
7,0.7876643073811931,0.7463578181382862,0.7876643073811931,0.5949338199325549,0.8052454794607926,0.7876643073811931,0.644357746575814,0.7876643073811931,0.7876643073811931,0.6147300763919955,0.849688429274032,0.5916162371173534,0.9060982191041554,0.9717333333333333,0.23660714285714285,0.264,0.11812297734627832,0.3735294117647059,0.8709055876685935,0.7645348837209303,0.9731645569620253,0.6686046511627907,0.8390804597701149,0.911,0.265,0.3333333333333333,0.73,0.508,0.452,0.526,0.961,0.9181636726546906,1.0082315,0.58944625,534016000,4272128000,271.52864241600037,102090
8,0.7718233906302663,0.7277132119647772,0.7718233906302663,0.5620934238251818,0.7847647406063507,0.7718233906302663,0.6320384582114678,0.7718233906302663,0.7718233906302663,0.604591511200036,0.8499701860735386,0.541864538394063,0.8993323061119671,0.9697933227344993,0.20270270270270271,0.1678832116788321,0.09142857142857143,0.4596774193548387,0.9032258064516129,0.6807610993657506,0.9669504256384577,0.7041602465331279,0.8750624687656172,0.915,0.15,0.46464646464646464,0.8,0.342,0.252,0.644,0.9655,0.9121756487025948,1.0089002,0.58638734,534016000,4806144000,268.57665634155273,102090
9,0.7948545107291316,0.754871464123201,0.7948545107291316,0.6055119790179035,0.8122125901452948,0.7948545107291316,0.637466040142694,0.7948545107291316,0.7948545107291316,0.6106020369449928,0.8441185732651236,0.5814914151563828,0.9023836549375709,0.9799554565701559,0.2303206997084548,0.225,0.15625,0.3463356973995272,0.83984375,0.7412398921832885,0.9581673306772909,0.7265238879736409,0.7946026986506747,0.88,0.395,0.18181818181818182,0.5,0.586,0.645,0.55,0.962,0.8802395209580839,1.0504802,0.59448177,534016000,5340160000,264.52775263786316,102090
10,0.8145152230086508,0.7773524190885166,0.8145152230086508,0.6220478119531204,0.8274647422947208,0.8145152230086508,0.6609028447851922,0.8145152230086508,0.8145152230086508,0.636197765251486,0.8560888151950011,0.6077695758543395,0.9033248081841432,0.9708333333333333,0.2164009111617312,0.34375,0.14772727272727273,0.4618937644341801,0.8725806451612903,0.7061310782241015,0.9678068410462777,0.7715289982425307,0.8825587206396801,0.932,0.475,0.2222222222222222,0.65,0.4,0.541,0.668,0.962,0.8762475049900199,1.068494,0.54792124,534016000,5874176000,266.8510410785675,102090
11,0.8027187956409392,0.7638251529987492,0.8027187956409391,0.6112535539977121,0.8160957456567719,0.8027187956409392,0.6589520121267619,0.8027187956409392,0.8027187956409392,0.6135498325147237,0.8454459173212435,0.598169294052962,0.8957055214723927,0.9823943661971831,0.30038022813688214,0.16363636363636364,0.14730290456431536,0.47283702213279677,0.8546255506607929,0.7133182844243793,0.950803701899659,0.6544943820224719,0.8755622188905547,0.837,0.395,0.18181818181818182,0.71,0.47,0.582,0.632,0.976,0.9301397205588823,0.97639245,0.5733619,534016000,6408192000,265.1227581501007,102090
12,0.80204471407707,0.76255234830613,0.80204471407707,0.6105616487006138,0.8132102684536155,0.80204471407707,0.6622939118265219,0.80204471407707,0.80204471407707,0.6228815399951672,0.8507435415980417,0.6098876754499085,0.8790560471976401,0.9810479375696767,0.21908893709327548,0.19130434782608696,0.18045112781954886,0.4810924369747899,0.90715667311412,0.7545219638242894,0.9515892420537897,0.6835066864784547,0.8935532233883059,0.88,0.505,0.2222222222222222,0.72,0.458,0.469,0.584,0.973,0.9181636726546906,0.9724231,0.56578,534016000,6942208000,268.20460653305054,102090
13,0.8058645096056622,0.7663940795863147,0.8058645096056624,0.6015486741757701,0.8145414195077314,0.8058645096056622,0.6531151697332245,0.8058645096056622,0.8058645096056622,0.6420142888062581,0.8627603805984395,0.5867665495402625,0.8702430077945896,0.9708939708939709,0.24,0.23943661971830985,0.11533052039381153,0.5617529880478087,0.9261904761904762,0.7906976744186046,0.9713998996487707,0.7341977309562399,0.9485257371314343,0.934,0.33,0.3434343434343434,0.82,0.282,0.389,0.612,0.968,0.9041916167664671,0.9868218,0.5307742,534016000,7476224000,277.10531067848206,102090
14,0.7946298168745085,0.7540928039556427,0.7946298168745085,0.5922043155265181,0.8049037040836707,0.7946298168745085,0.6496739328983667,0.7946298168745085,0.7946298168745085,0.6305665151981794,0.8623841796817647,0.5766002318677498,0.9085032322227747,0.9761019649495486,0.19413092550790068,0.24096385542168675,0.11791044776119403,0.5417721518987342,0.9235668789808917,0.7101769911504425,0.956628881222277,0.7359098228663447,0.9130434782608695,0.919,0.43,0.20202020202020202,0.79,0.428,0.29,0.642,0.9705,0.9121756487025948,1.0252904,0.5430387,534016000,8010240000,269.4666233062744,102090
15,0.8115942028985508,0.7731203343360568,0.8115942028985508,0.610547399259402,0.822537552747663,0.8115942028985508,0.655211892534045,0.8115942028985508,0.8115942028985508,0.6390708772215584,0.8570193949245122,0.602071512190525,0.8777881040892194,0.9760127931769723,0.31843575418994413,0.1902654867256637,0.11822660098522167,0.559322033898305,0.8743545611015491,0.7771739130434783,0.9550617283950618,0.7440677966101695,0.9440279860069966,0.9155,0.285,0.43434343434343436,0.72,0.33,0.508,0.572,0.967,0.8762475049900199,0.9761968,0.53458107,534016000,8544256000,267.60473346710205,102090
16,0.8246264464666891,0.7891743033821926,0.824626446466689,0.6325517737950163,0.837307925646024,0.8246264464666891,0.6812296696552831,0.8246264464666891,0.8246264464666891,0.650654412934869,0.8727504179952295,0.645251543120564,0.9026290165530672,0.9731266149870801,0.22962962962962963,0.20202020202020202,0.15299334811529933,0.5906593406593407,0.8985765124555161,0.8082191780821918,0.9743847312908086,0.7743055555555556,0.9265367316341829,0.9415,0.465,0.40404040404040403,0.69,0.43,0.505,0.59,0.97,0.8902195608782435,0.95191944,0.51322716,534016000,9078272000,270.1040918827057,102090
17,0.8045163464779238,0.766683030864822,0.8045163464779238,0.6151871610108932,0.8238341879944034,0.8045163464779238,0.6736407009206338,0.8045163464779238,0.8045163464779238,0.639403411982063,0.8742064405669941,0.6228891170968068,0.9276980329611909,0.9798087141339001,0.19047619047619047,0.2231404958677686,0.12759170653907495,0.527114967462039,0.8853503184713376,0.8301886792452831,0.9842479674796748,0.7184170471841704,0.872063968015992,0.922,0.44,0.2727272727272727,0.8,0.486,0.417,0.616,0.9685,0.9421157684630739,0.87437016,0.54610765,534016000,9612288000,266.0535469055176,102090
18,0.8060892034602853,0.7669080937667202,0.8060892034602853,0.6065043214148166,0.8147379854719541,0.8060892034602853,0.6603074704300906,0.8060892034602853,0.8060892034602853,0.6508703977064634,0.8705787823555357,0.6001679241086001,0.8934154429180483,0.9554013875123885,0.20606060606060606,0.2602739726027397,0.11468531468531469,0.5741758241758241,0.9261538461538461,0.8130311614730878,0.9791666666666666,0.7863397548161121,0.9425287356321839,0.964,0.34,0.3838383838383838,0.82,0.418,0.301,0.574,0.9635,0.8962075848303394,0.9468326,0.50692856,534016000,10146304000,267.3555312156677,102090
19,0.8127176721716661,0.7757559548351721,0.8127176721716661,0.6271911883666976,0.8258432680068176,0.8127176721716661,0.684865056679608,0.8127176721716661,0.8127176721716661,0.6429544409740229,0.8696601544959224,0.6450262106063208,0.9292553191489362,0.96875,0.25,0.25161290322580643,0.13513513513513514,0.5067178502879078,0.9191011235955057,0.781021897810219,0.9652087475149106,0.7227414330218068,0.8730634682658671,0.9455,0.41,0.3939393939393939,0.75,0.528,0.409,0.642,0.971,0.9261477045908184,0.9132854,0.4824167,534016000,10680320000,264.24429726600647,102090
20,0.7846309403437816,0.7438161852632685,0.7846309403437816,0.6015968493467515,0.8087914336076897,0.7846309403437816,0.6575555906405353,0.7846309403437816,0.7846309403437816,0.6314059458133329,0.8633352269372444,0.6079614231550208,0.9383640552995391,0.9789240155296728,0.16363636363636364,0.323943661971831,0.13391304347826086,0.44064748201438847,0.8736462093862816,0.8006329113924051,0.9637896825396826,0.6965620328849028,0.8140929535232384,0.8825,0.495,0.23232323232323232,0.77,0.49,0.484,0.506,0.9715,0.9301397205588823,0.9481186,0.599006,534016000,11214336000,268.8974311351776,102090
21,0.8322660375238737,0.7983785648197204,0.8322660375238737,0.649315395285881,0.8427955590555589,0.8322660375238737,0.6777873934335681,0.8322660375238737,0.8322660375238737,0.6530069980877486,0.8652078209457607,0.6398254159578555,0.9392778993435449,0.9631901840490797,0.22048997772828507,0.27927927927927926,0.23255813953488372,0.483974358974359,0.8407079646017699,0.8210862619808307,0.9543670264965652,0.7951388888888888,0.8580709645177411,0.942,0.495,0.31313131313131315,0.5,0.604,0.665,0.514,0.9725,0.9141716566866267,0.9661874,0.48974207,534016000,11748352000,264.6940095424652,102090
22,0.8117065498258622,0.7751067133409566,0.8117065498258622,0.6276554571409145,0.831737419995693,0.8117065498258622,0.6807150257932185,0.8117065498258622,0.8117065498258622,0.6439677200631833,0.8734270012108262,0.6380257702262411,0.932620320855615,0.9782030834662414,0.21983914209115282,0.2857142857142857,0.11684370257966616,0.5520833333333334,0.882661996497373,0.7539149888143176,0.9817073170731707,0.7360890302066773,0.8715642178910544,0.92,0.41,0.3434343434343434,0.77,0.424,0.504,0.674,0.966,0.9241516966067864,0.891668,0.53862077,534016000,12282368000,272.64379715919495,102090
23,0.8079991012245815,0.7702142371288032,0.8079991012245815,0.6206998673163888,0.8207157965555416,0.8079991012245815,0.6837602388789275,0.8079991012245815,0.8079991012245815,0.642424454175565,0.8705641451031667,0.6425564182612911,0.9110105580693816,0.9781566329248801,0.2096069868995633,0.2565789473684211,0.14757281553398058,0.5404761904761904,0.9251207729468599,0.806615776081425,0.9757820383451059,0.6733238231098431,0.9055472263868066,0.918,0.48,0.3939393939393939,0.76,0.454,0.383,0.634,0.967,0.9421157684630739,0.8923961,0.49680686,534016000,12816384000,272.72137451171875,102090
24,0.8137287945174699,0.7765735930336799,0.8137287945174699,0.6093768011548923,0.8290607631519064,0.8137287945174699,0.6503419710939304,0.8137287945174699,0.8137287945174699,0.6435959598406582,0.8644498491829306,0.5603811930360804,0.9214285714285714,0.9776833156216791,0.2647058823529412,0.313953488372093,0.10344827586206896,0.5798319327731093,0.8518518518518519,0.7874015748031497,0.9646590343454455,0.670995670995671,0.9025487256371814,0.92,0.135,0.2727272727272727,0.81,0.414,0.552,0.6,0.969,0.9281437125748503,0.8406712,0.51172495,534016000,13350400000,261.4578869342804,102090
25,0.7818222671609931,0.7404626248439803,0.7818222671609931,0.6074559530579771,0.8017604221936917,0.7818222671609931,0.6711902164232708,0.7818222671609931,0.7818222671609931,0.6375883051174662,0.8646004315509371,0.6292951111996657,0.9294320137693631,0.982310668877833,0.19330855018587362,0.3263157894736842,0.12876254180602006,0.4338235294117647,0.910941475826972,0.7884615384615384,0.9489795918367347,0.7335473515248796,0.8095952023988006,0.8885,0.52,0.31313131313131315,0.77,0.59,0.358,0.574,0.9765,0.9121756487025948,0.86688894,0.5748763,534016000,13884416000,261.13379645347595,102090
26,0.8226042017750814,0.7868408473284246,0.8226042017750813,0.6287707837690554,0.8376542029381466,0.8226042017750814,0.6757711339666767,0.8226042017750814,0.8226042017750814,0.6590971596189048,0.8777876357862615,0.6258257498841772,0.9071914480077745,0.9707091469681398,0.21082621082621084,0.2446043165467626,0.12693498452012383,0.6426229508196721,0.8813868613138686,0.8115183246073299,0.9803625377643505,0.8148148148148148,0.9330334832583708,0.9445,0.37,0.3434343434343434,0.82,0.392,0.483,0.62,0.9735,0.8782435129740519,0.88623774,0.5134952,534016000,14418432000,268.87550592422485,102090
27,0.833164812942366,0.799895087863914,0.8331648129423661,0.6518485116226496,0.8470334402967622,0.833164812942366,0.7014379525624596,0.833164812942366,0.833164812942366,0.65747232658457,0.8762452158767953,0.6626183134480811,0.9329461457233369,0.972917731221257,0.29646017699115046,0.2789115646258503,0.14583333333333334,0.5205223880597015,0.8804523424878837,0.7788018433179723,0.9803129732458354,0.7875647668393783,0.8830584707646177,0.952,0.335,0.41414141414141414,0.77,0.558,0.545,0.676,0.971,0.9101796407185628,0.8355434,0.46081987,534016000,14952448000,255.3098840713501,102090
28,0.8257499157398045,0.7906184318252983,0.8257499157398045,0.6330246380199985,0.8400138332540364,0.8257499157398045,0.6726166078093234,0.8257499157398045,0.8257499157398045,0.6690185665217416,0.8756488577224314,0.5982990739964232,0.9148614609571788,0.9539769884942472,0.26519337016574585,0.3582089552238806,0.11315789473684211,0.6584615384615384,0.8797909407665505,0.7703862660944206,0.9817721518987341,0.7943760984182777,0.9075462268865567,0.9535,0.24,0.24242424242424243,0.86,0.428,0.505,0.718,0.9695,0.9021956087824351,0.842729,0.46555692,534016000,15486464000,267.84131813049316,102090
29,0.8130547129536008,0.7758863622631984,0.8130547129536008,0.6204056681016268,0.826560610117632,0.8130547129536008,0.6707945709054381,0.8130547129536008,0.8130547129536008,0.6504890239369127,0.8731952360436428,0.6082756022158007,0.9192982456140351,0.977404098791382,0.23394495412844038,0.2831858407079646,0.1133879781420765,0.597752808988764,0.9261904761904762,0.7695961995249406,0.9594460929772503,0.7246835443037974,0.9165417291354323,0.93,0.255,0.32323232323232326,0.83,0.532,0.389,0.648,0.97,0.9141716566866267,0.8271057,0.48034334,534016000,16020480000,265.40251874923706,102090
30,0.8242894056847545,0.7898167133044816,0.8242894056847545,0.6385774556463647,0.8390559742941399,0.8242894056847545,0.691668646918602,0.8242894056847545,0.8242894056847545,0.6552485608469473,0.8754198620829462,0.6339177783968111,0.9444746869896571,0.975051975051975,0.23333333333333334,0.35714285714285715,0.14864864864864866,0.5555555555555556,0.8804159445407279,0.7702127659574468,0.9782608695652174,0.7093889716840537,0.8670664667666167,0.938,0.49,0.20202020202020202,0.77,0.5,0.508,0.724,0.9675,0.9500998003992016,0.9102754,0.4743968,534016000,16554496000,266.58392095565796,102090
31,0.8293450174137738,0.7949221002061211,0.8293450174137738,0.6374752961316044,0.8433622261089283,0.8293450174137738,0.678766882073389,0.8293450174137738,0.8293450174137738,0.6619218445202824,0.8723841912335957,0.6174900183029913,0.9150753768844221,0.9763157894736842,0.2559055118110236,0.32432432432432434,0.13406940063091483,0.631578947368421,0.8441379310344828,0.8148148148148148,0.970074812967581,0.7529215358931552,0.9100449775112444,0.9275,0.325,0.24242424242424243,0.85,0.432,0.612,0.616,0.9725,0.9001996007984032,0.87281966,0.48306382,534016000,17088512000,265.90691924095154,102090
32,0.8249634872486238,0.7898925078706083,0.8249634872486237,0.6310705164860273,0.8388551555295268,0.8249634872486238,0.6796124764690781,0.8249634872486238,0.8249634872486238,0.6469213377855032,0.872015080779911,0.6346013155353738,0.9078498293515358,0.9743455497382199,0.2564935064935065,0.2251655629139073,0.13537906137184116,0.6230529595015576,0.8753943217665615,0.7623762376237624,0.9906493506493507,0.71850699844479,0.9305347326336831,0.9305,0.395,0.3434343434343434,0.75,0.4,0.555,0.616,0.9535,0.9221556886227545,0.88068014,0.4797296,534016000,17622528000,262.8684151172638,102090
33,0.8279968542860353,0.7936591667040538,0.8279968542860353,0.6498385850186246,0.8393934530846596,0.8279968542860353,0.695674772276355,0.8279968542860353,0.8279968542860353,0.6524844747070819,0.8681985198958889,0.6592760923072346,0.9328277356446371,0.9775924960917144,0.23741007194244604,0.2727272727272727,0.24015748031496062,0.5157894736842106,0.8860182370820668,0.8026315789473685,0.9545232273838631,0.7051671732522796,0.8605697151424287,0.938,0.66,0.30303030303030304,0.61,0.49,0.583,0.61,0.976,0.9261477045908184,0.8648251,0.46717328,534016000,18156544000,260.8805811405182,102090
34,0.8201325693742276,0.7847391364947129,0.8201325693742276,0.6336022190515744,0.8359704297757721,0.8201325693742276,0.6855716583279762,0.8201325693742276,0.8201325693742276,0.6428319875266393,0.8699254371992616,0.6405701642731725,0.9375,0.9757383966244726,0.2490974729241877,0.28,0.1307300509337861,0.5685785536159601,0.8752025931928687,0.7429193899782135,0.9728370221327968,0.6957163958641064,0.8770614692653673,0.925,0.345,0.35353535353535354,0.77,0.456,0.54,0.682,0.967,0.9401197604790419,0.8475977,0.48001295,534016000,18690560000,260.2110810279846,102090
35,0.8349623637793506,0.801512302658115,0.8349623637793506,0.6438251941827959,0.844767066332051,0.8349623637793506,0.6841836852803864,0.8349623637793506,0.8349623637793506,0.6638970227857731,0.8708817856428602,0.6254893796754855,0.9224885262621112,0.9718237704918032,0.23676880222841226,0.4117647058823529,0.16339869281045752,0.587012987012987,0.8765625,0.7653508771929824,0.968222442899702,0.7355769230769231,0.904047976011994,0.9485,0.425,0.21212121212121213,0.75,0.452,0.561,0.698,0.975,0.9161676646706587,0.7761771,0.43672195,534016000,19224576000,274.162228345871,102090
36,0.8420402201999775,0.8092787196449576,0.8420402201999774,0.6430870526643852,0.8493379603249214,0.8420402201999775,0.6791285031318491,0.8420402201999775,0.8420402201999775,0.6631461812154451,0.8723630229364113,0.6173260625735657,0.9100631988332523,0.9496086105675147,0.2608695652173913,0.25510204081632654,0.15568862275449102,0.6746575342465754,0.870919881305638,0.76,0.9768728004022121,0.8176795580110497,0.9355322338830585,0.9705,0.33,0.25252525252525254,0.78,0.394,0.587,0.684,0.9715,0.8862275449101796,0.8099256,0.42037645,534016000,19758592000,262.2534990310669,102090
37,0.8491180766206045,0.8179356471384389,0.8491180766206046,0.6574888444436817,0.8577687541518317,0.8491180766206045,0.6801418424293569,0.8491180766206045,0.8491180766206045,0.6761497777703511,0.8749211180582251,0.6256650114815735,0.9213147410358565,0.9676277187658068,0.22167487684729065,0.375,0.18674698795180722,0.6584699453551912,0.8112128146453089,0.7927461139896373,0.9718026183282981,0.8549019607843137,0.9245377311344328,0.9565,0.45,0.21212121212121213,0.62,0.482,0.709,0.612,0.965,0.8702594810379242,0.81939685,0.44911873,534016000,20292608000,266.8420422077179,102090
38,0.8461970565105045,0.8145631010783339,0.8461970565105045,0.6532060835850337,0.8549116111395861,0.8461970565105045,0.687436584343466,0.8461970565105045,0.8461970565105045,0.6682630979417254,0.8751185457444982,0.6338669511308743,0.9214214214214215,0.9705434230573895,0.25418060200668896,0.30952380952380953,0.16481069042316257,0.668769716088328,0.8433121019108281,0.7956204379562044,0.9687344913151364,0.7857142857142857,0.920039980009995,0.9555,0.38,0.26262626262626265,0.74,0.424,0.662,0.654,0.976,0.9001996007984032,0.8265648,0.44232348,534016000,20826624000,272.1281051635742,102090
39,0.8305808336142007,0.7963064547507624,0.8305808336142007,0.6393749614919885,0.8434743952916595,0.8305808336142007,0.6839680082205313,0.8305808336142007,0.8305808336142007,0.6612530448113705,0.8784683616822262,0.6379204458301992,0.898812351543943,0.974025974025974,0.2123015873015873,0.23387096774193547,0.15730337078651685,0.6585365853658537,0.8741721854304636,0.7892271662763466,0.9902061855670103,0.8240740740740741,0.9455272363818091,0.9375,0.535,0.29292929292929293,0.7,0.378,0.528,0.674,0.9605,0.8882235528942116,0.78867906,0.46997118,534016000,21360640000,271.52478885650635,102090
40,0.846534097292439,0.8147068589788127,0.846534097292439,0.6589375590542743,0.8542242418435209,0.846534097292439,0.6943042813831698,0.846534097292439,0.846534097292439,0.6698948771780533,0.8738096611179273,0.6529551553971508,0.9173635022134776,0.9428848015488868,0.3133047210300429,0.2740740740740741,0.16331096196868009,0.6325966850828729,0.8684971098265896,0.7734553775743707,0.9807692307692307,0.8326923076923077,0.9320339830084957,0.974,0.365,0.37373737373737376,0.73,0.458,0.601,0.676,0.969,0.8642714570858283,0.8944864,0.41659874,534016000,21894656000,263.09190607070923,102090
41,0.8447365464554545,0.8132290682813097,0.8447365464554545,0.6611558115031698,0.8565312064022569,0.8447365464554545,0.6995287838933011,0.8447365464554545,0.8447365464554545,0.6750500892435534,0.88105577759646,0.6550473257080691,0.9178149606299213,0.9729315628192032,0.2448377581120944,0.37037037037037035,0.15625,0.6610169491525424,0.8490028490028491,0.7749469214437368,0.992764857881137,0.8105646630236795,0.9320339830084957,0.9525,0.415,0.30303030303030304,0.75,0.468,0.596,0.73,0.9605,0.8882235528942116,0.77877986,0.4213751,534016000,22428672000,262.9426097869873,102090
42,0.8231659364116392,0.7883334790757325,0.8231659364116392,0.6396799271711423,0.8406174468207125,0.8231659364116392,0.687818138544591,0.8231659364116392,0.8231659364116392,0.655213333673161,0.8738889550619727,0.6392388478585121,0.9355877616747182,0.9760416666666667,0.2188365650969529,0.3625,0.1330049261083744,0.5683646112600537,0.8571428571428571,0.7304526748971193,0.9792615073343449,0.7909407665505227,0.8710644677661169,0.937,0.395,0.29292929292929293,0.81,0.424,0.564,0.71,0.968,0.906187624750499,0.80146146,0.4717827,534016000,22962688000,270.65200662612915,102090
43,0.843163689473093,0.8114204073604616,0.8431636894730928,0.6576681462447975,0.8532091018758767,0.843163689473093,0.6962541121881447,0.843163689473093,0.843163689473093,0.6610013345707095,0.8725170345099084,0.6469927743035208,0.9244992295839753,0.977510460251046,0.28313253012048195,0.2948717948717949,0.17902813299232737,0.5911214953271028,0.8439897698209718,0.7929411764705883,0.9729187562688064,0.75,0.8995502248875562,0.9345,0.47,0.23232323232323232,0.7,0.506,0.66,0.674,0.97,0.9161676646706587,0.9067253,0.43572447,534016000,23496704000,268.78102850914,102090
44,0.8210313447927199,0.7859516376331362,0.8210313447927199,0.6365918668959635,0.8358637914312482,0.8210313447927199,0.6900587635052007,0.8210313447927199,0.8210313447927199,0.6502335106536768,0.8752545390120461,0.6497969158494443,0.9435702658708627,0.977743271221532,0.2358974358974359,0.34,0.13740458015267176,0.5958549222797928,0.8876811594202898,0.7627494456762749,0.9827673593512417,0.6386666666666667,0.8690654672663668,0.9445,0.46,0.3434343434343434,0.72,0.46,0.49,0.688,0.9695,0.9560878243512974,0.74575233,0.47704083,534016000,24030720000,269.0919609069824,102090
45,0.8319289967419391,0.7983791226461684,0.8319289967419391,0.651910334702271,0.8471356281974064,0.8319289967419391,0.6944681682339741,0.8319289967419391,0.8319289967419391,0.6639894304476752,0.8789937740359847,0.6624559739606839,0.9294302143230528,0.9671052631578947,0.2130281690140845,0.2982456140350877,0.18397626112759644,0.5479744136460555,0.8662790697674418,0.8515151515151516,0.987603305785124,0.7947368421052632,0.8885557221389305,0.9555,0.605,0.3434343434343434,0.62,0.514,0.596,0.562,0.956,0.9041916167664671,0.81719816,0.48817375,534016000,24564736000,264.14517617225647,102090
46,0.8408044039995506,0.8076909430647976,0.8408044039995506,0.6516132948294516,0.8462557763134013,0.8408044039995506,0.6849129179512947,0.8408044039995506,0.8408044039995506,0.6748554774282316,0.8716651159802089,0.6411014494232561,0.9019422074846044,0.9661957618567104,0.24947145877378435,0.3625,0.2006269592476489,0.638728323699422,0.8693693693693694,0.8426229508196721,0.9642147117296223,0.7528830313014827,0.9515242378810594,0.9575,0.59,0.29292929292929293,0.64,0.442,0.579,0.514,0.97,0.9121756487025948,0.7503264,0.4531531,534016000,25098752000,272.2086868286133,102090
47,0.8424896079092237,0.8106986408612998,0.8424896079092237,0.661148915221836,0.8536655313914467,0.8424896079092237,0.7079147859204131,0.8424896079092237,0.8424896079092237,0.6627732038974413,0.8772821081842269,0.6753600486049467,0.9277293695540748,0.9684799186578547,0.2814569536423841,0.27672955974842767,0.16159250585480095,0.625,0.8680057388809183,0.7629310344827587,0.9832317073170732,0.7725752508361204,0.9045477261369316,0.9525,0.425,0.4444444444444444,0.69,0.46,0.605,0.708,0.9675,0.9221556886227545,0.7471016,0.41784346,534016000,25632768000,266.95040702819824,102090
48,0.8393438939445006,0.8070711228558778,0.8393438939445006,0.6572137981783245,0.8537886934216805,0.8393438939445006,0.7029874891940711,0.8393438939445006,0.8393438939445006,0.6724950842409018,0.8842975145013752,0.6580255293381522,0.9315977539561,0.9667689161554193,0.27124183006535946,0.2743362831858407,0.1386481802426343,0.6824925816023739,0.8728682170542635,0.7530120481927711,0.9798183652875883,0.8541666666666666,0.9120439780109945,0.9455,0.415,0.31313131313131315,0.8,0.46,0.563,0.75,0.971,0.9001996007984032,0.6996105,0.44686437,534016000,26166784000,265.30224084854126,102090
49,0.8451859341647006,0.8139662097261132,0.8451859341647006,0.6687201392886204,0.8566219832068551,0.8451859341647006,0.7080256170635422,0.8451859341647006,0.8451859341647006,0.6762823603978084,0.8836668249343822,0.6697948948625274,0.930327868852459,0.9734422880490297,0.225,0.3125,0.22093023255813954,0.6237373737373737,0.8717156105100463,0.8021978021978022,0.9813508064516129,0.8216216216216217,0.9075462268865567,0.953,0.675,0.30303030303030304,0.57,0.494,0.564,0.73,0.9735,0.9101796407185628,0.8082063,0.44189492,534016000,26700800000,270.7507903575897,102090
50,0.8545107291315582,0.8247991907211077,0.8545107291315582,0.6759249910966091,0.8630969517918089,0.8545107291315582,0.7126423307852516,0.8545107291315582,0.8545107291315582,0.670727701247049,0.8794280057277991,0.6770580413672631,0.937696335078534,0.9585185185185185,0.27154046997389036,0.2421875,0.2426470588235294,0.6096997690531177,0.8648293963254593,0.7413441955193483,0.9808371154815936,0.857976653696498,0.8950524737631185,0.9705,0.52,0.31313131313131315,0.66,0.528,0.659,0.728,0.9725,0.8802395209580839,0.7670417,0.42966983,534016000,27234816000,266.23343324661255,102090
51,0.849230423547916,0.8179172397429214,0.8492304235479161,0.6573200812823147,0.8553338191208603,0.849230423547916,0.6930285420436216,0.849230423547916,0.849230423547916,0.6837135381432398,0.8793047192831209,0.6338428056163923,0.8972182932578973,0.9694811800610377,0.26595744680851063,0.3620689655172414,0.19095477386934673,0.6699029126213593,0.8715469613259669,0.8782608695652174,0.9813414019162885,0.750402576489533,0.9510244877561219,0.953,0.5,0.21212121212121213,0.76,0.414,0.631,0.606,0.973,0.9301397205588823,0.8029466,0.41517207,534016000,27768832000,265.4364130496979,102090
52,0.847994607347489,0.8170064295145465,0.847994607347489,0.6697304712445508,0.8577592235947431,0.847994607347489,0.7131313361238089,0.847994607347489,0.847994607347489,0.6722285736934366,0.8804464838839858,0.6820953277806426,0.9318066157760814,0.971021860701576,0.25732217573221755,0.22580645161290322,0.24727272727272728,0.6301020408163265,0.8649789029535865,0.8151898734177215,0.969261279127417,0.8095238095238095,0.9150424787606197,0.955,0.615,0.35353535353535354,0.68,0.494,0.615,0.644,0.9775,0.8822355289421158,0.72737217,0.42561802,534016000,28302848000,269.87371921539307,102090
53,0.8520390967307044,0.8215023174318115,0.8520390967307044,0.6680106375990442,0.8605576092357606,0.8520390967307044,0.7064089678849561,0.8520390967307044,0.8520390967307044,0.6764693412465702,0.8811801305475708,0.668514224526933,0.9177277179236043,0.9598413485374319,0.3,0.25333333333333335,0.17339667458432304,0.6888888888888889,0.8728323699421965,0.7820224719101123,0.9783047426841575,0.8383458646616542,0.9365317341329336,0.968,0.39,0.3838383838383838,0.73,0.496,0.604,0.696,0.9695,0.8902195608782435,0.76464725,0.39378875,534016000,28836864000,270.2172930240631,102090
54,0.830243792832266,0.7966801632102418,0.830243792832266,0.6514761622998226,0.8457238384355893,0.830243792832266,0.7039531530641865,0.830243792832266,0.830243792832266,0.6647922274340206,0.8829737640114463,0.6693686957520052,0.9480238224147266,0.9730005094243505,0.20817843866171004,0.3055555555555556,0.18048780487804877,0.5815450643776824,0.8896321070234113,0.8403361344537815,0.9763462506290891,0.74481658692185,0.8750624687656172,0.955,0.56,0.3333333333333333,0.74,0.542,0.532,0.6,0.97,0.9321357285429142,0.7787389,0.46057636,534016000,29370880000,270.8245277404785,102090
55,0.8350747107066622,0.8020463776808686,0.8350747107066622,0.654587196342298,0.8492751532216865,0.8350747107066622,0.6999691218625854,0.8350747107066622,0.8350747107066622,0.6610272611950399,0.875124977988079,0.6675349152212818,0.9284974093264249,0.9719626168224299,0.21670428893905191,0.3023255813953488,0.1769041769041769,0.6054794520547945,0.8101736972704715,0.8121693121693122,0.9892362890825218,0.7968197879858657,0.895552223888056,0.936,0.48,0.3939393939393939,0.72,0.442,0.653,0.614,0.965,0.9001996007984032,0.7622956,0.48819995,534016000,29904896000,265.4663326740265,102090
56,0.8501291989664083,0.8192459362534081,0.8501291989664084,0.6620537976343525,0.8592065753244492,0.8501291989664083,0.6942874624110554,0.8501291989664083,0.8501291989664083,0.679140301241653,0.8829107039024453,0.6501446170679129,0.9154860771861261,0.9616724738675958,0.239247311827957,0.31958762886597936,0.1625615763546798,0.7226027397260274,0.8682719546742209,0.7986725663716814,0.9842878864673087,0.8190127970749543,0.9365317341329336,0.966,0.445,0.31313131313131315,0.66,0.422,0.613,0.722,0.971,0.8942115768463074,0.7858226,0.39392596,534016000,30438912000,264.6775794029236,102090
57,0.8432760364004045,0.8119293536640173,0.8432760364004044,0.6685106464473145,0.8559458501954872,0.8432760364004045,0.7183140013054623,0.8432760364004045,0.8432760364004045,0.6724809870160308,0.8826336540304084,0.6829264241936228,0.940463645943098,0.9753719856336582,0.24029126213592233,0.3469387755102041,0.18944844124700239,0.5971896955503513,0.8744460856720827,0.8063063063063063,0.9788092835519677,0.7755443886097152,0.8920539730134932,0.9505,0.495,0.3434343434343434,0.79,0.51,0.592,0.716,0.97,0.9241516966067864,0.7512232,0.44165602,534016000,30972928000,273.35458159446716,102090
58,0.8342882822154815,0.801182696413592,0.8342882822154816,0.6492310890281645,0.8477014253780957,0.8342882822154815,0.6972535433743843,0.8342882822154815,0.8342882822154815,0.6727441578933157,0.8812685638723801,0.6422386082249897,0.9250632911392405,0.9724961079398028,0.2636986301369863,0.3888888888888889,0.13592233009708737,0.6836734693877551,0.8744038155802861,0.7563352826510721,0.9897802759325498,0.7371794871794872,0.9130434782608695,0.937,0.385,0.2828282828282828,0.84,0.402,0.55,0.776,0.9685,0.9181636726546906,0.6959621,0.43960443,534016000,31506944000,261.4039342403412,102090
59,0.843613077182339,0.8118539269888232,0.843613077182339,0.6624989297443065,0.8545435200222771,0.843613077182339,0.6996669891193037,0.843613077182339,0.843613077182339,0.6716877729695256,0.8772306393286718,0.6565597729691125,0.9312857886517438,0.9755725190839695,0.2706270627062706,0.35365853658536583,0.1622222222222222,0.5734989648033126,0.8735294117647059,0.7962529274004684,0.9592538046146294,0.8209764918625678,0.8940529735132434,0.9585,0.41,0.29292929292929293,0.73,0.554,0.594,0.68,0.977,0.906187624750499,0.7674872,0.43539014,534016000,32040960000,269.9811177253723,102090
60,0.8039546118413662,0.7663336688134385,0.8039546118413662,0.6226951620834635,0.8226152106644478,0.8039546118413662,0.688113951928953,0.8039546118413662,0.8039546118413662,0.6517785986732416,0.8813534121838418,0.6357658042922368,0.9395225464190982,0.977491961414791,0.25666666666666665,0.2556390977443609,0.10771113831089352,0.5910112359550562,0.9191374663072777,0.7744034707158352,0.9812563323201621,0.7149460708782742,0.8850574712643678,0.912,0.385,0.3434343434343434,0.88,0.526,0.341,0.714,0.9685,0.9261477045908184,0.7765403,0.49853066,534016000,32574976000,267.9386103153229,102090
61,0.8426019548365352,0.8109285998719864,0.8426019548365352,0.6638295732891717,0.853912530068898,0.8426019548365352,0.7053651423018303,0.8426019548365352,0.8426019548365352,0.665776753500526,0.8769201392484489,0.6607960384620031,0.9390835579514825,0.9725749111223971,0.25217391304347825,0.2987012987012987,0.2169811320754717,0.5387596899224806,0.8741058655221745,0.7457983193277311,0.9683168316831683,0.8512720156555773,0.8705647176411794,0.9575,0.58,0.23232323232323232,0.69,0.556,0.611,0.71,0.978,0.8682634730538922,0.75908893,0.43822426,534016000,33108992000,269.6562764644623,102090
62,0.8493427704752275,0.8185889912915659,0.8493427704752274,0.6713705720660211,0.8571284698707472,0.8493427704752275,0.7124174115128972,0.8493427704752275,0.8493427704752275,0.6736362831577406,0.8804274827804678,0.6726900427214854,0.9244712990936556,0.9654654654654654,0.24308300395256918,0.2543859649122807,0.26294820717131473,0.6246851385390428,0.8856682769726248,0.7854166666666667,0.9794279979929754,0.8108108108108109,0.9175412293853074,0.9645,0.615,0.29292929292929293,0.66,0.496,0.55,0.754,0.976,0.8982035928143712,0.7281542,0.3911979,534016000,33643008000,270.96181988716125,102090
63,0.843613077182339,0.8121270290307612,0.843613077182339,0.6570681435178802,0.8547277425996819,0.843613077182339,0.6938780587432649,0.843613077182339,0.843613077182339,0.6616338708933344,0.8730498800536611,0.6402397448740847,0.9432739059967585,0.9722079258878024,0.2619047619047619,0.35714285714285715,0.16933638443935928,0.5612244897959183,0.8286052009456265,0.7688787185354691,0.9754139488208731,0.7783505154639175,0.8725637181409296,0.9445,0.33,0.25252525252525254,0.74,0.55,0.701,0.672,0.972,0.9041916167664671,0.7821749,0.41504538,534016000,34177024000,271.3801488876343,102090
64,0.8515897090214583,0.8212241992505971,0.8515897090214583,0.6746493298419072,0.8601056583182508,0.8515897090214583,0.718027268546819,0.8515897090214583,0.8515897090214583,0.6800980876299126,0.8816531273663467,0.6815224430660974,0.9231536926147704,0.9690669371196755,0.3127035830618892,0.3017241379310345,0.18052256532066507,0.6827195467422096,0.8718703976435935,0.7656565656565657,0.972069825436409,0.8214936247723132,0.9245377311344328,0.9555,0.48,0.35353535353535354,0.76,0.482,0.592,0.758,0.9745,0.9001996007984032,0.7213452,0.40164092,534016000,34711040000,267.1020691394806,102090
65,0.8357487922705314,0.8032697443137173,0.8357487922705314,0.6639897062504647,0.8471490773508489,0.8357487922705314,0.7244228362456406,0.8357487922705314,0.8357487922705314,0.666884447444593,0.8842317808576634,0.6949132394042202,0.9357218124341412,0.977319587628866,0.2465483234714004,0.28169014084507044,0.19658119658119658,0.5753424657534246,0.9092741935483871,0.7876857749469215,0.9838465421504291,0.7748344370860927,0.8875562218890555,0.948,0.625,0.40404040404040403,0.69,0.588,0.451,0.742,0.9745,0.9341317365269461,0.65180635,0.40960374,534016000,35245056000,262.09931659698486,102090
66,0.8560835861139198,0.8264633155025521,0.8560835861139198,0.681132297588623,0.8635964756831395,0.8560835861139198,0.7169212410125911,0.8560835861139198,0.8560835861139198,0.6812379853402188,0.8814889715133848,0.6888132516071938,0.9333672431332655,0.9679037111334002,0.291044776119403,0.3,0.2158273381294964,0.6772486772486772,0.8769017980636238,0.7608695652173914,0.9611793611793612,0.8280373831775701,0.9170414792603698,0.965,0.585,0.3939393939393939,0.6,0.512,0.634,0.7,0.978,0.8842315369261478,0.69511825,0.41335595,534016000,35779072000,266.1892740726471,102090
67,0.8267610380856084,0.7924332469100848,0.8267610380856084,0.646448321874968,0.8407877203824815,0.8267610380856084,0.6970563021972954,0.8267610380856084,0.8267610380856084,0.6699553910968771,0.8788700006125141,0.6393436829946864,0.931735278791037,0.9773087071240105,0.2009273570324575,0.3673469387755102,0.20786516853932585,0.5753968253968254,0.8792792792792793,0.8020304568527918,0.972568578553616,0.7850953206239168,0.8935532233883059,0.926,0.65,0.18181818181818182,0.74,0.58,0.488,0.632,0.975,0.9041916167664671,0.71296984,0.45675588,534016000,36313088000,268.87174105644226,102090
68,0.8497921581844736,0.8191713482825951,0.8497921581844736,0.6766436163605667,0.8569168271775641,0.8497921581844736,0.7189997868467326,0.8497921581844736,0.8497921581844736,0.6747981748561513,0.8785881333045914,0.6888358044438427,0.9211700545364403,0.9801773604590506,0.27104722792607805,0.2695035460992908,0.30097087378640774,0.6253229974160207,0.8826979472140762,0.7966101694915254,0.9740518962075848,0.7264296754250387,0.928535732133933,0.9395,0.66,0.3838383838383838,0.62,0.484,0.602,0.658,0.976,0.93812375249501,0.7531102,0.41097614,534016000,36847104000,257.55993723869324,102090
69,0.840692057072239,0.8082845310143333,0.840692057072239,0.6592263820485706,0.8493930640653334,0.840692057072239,0.6998362352529052,0.840692057072239,0.840692057072239,0.67782660905159,0.8816930698358988,0.6588745235355,0.9093525179856116,0.9801670146137788,0.2273449920508744,0.3137254901960784,0.23333333333333334,0.6791277258566978,0.8707037643207856,0.8626373626373627,0.9832657200811359,0.7186081694402421,0.9475262368815592,0.939,0.715,0.32323232323232326,0.56,0.436,0.532,0.628,0.9695,0.9481037924151696,0.7046952,0.4318247,534016000,37381120000,259.6799557209015,102090
70,0.836085833052466,0.8034343919003804,0.836085833052466,0.6613883077636042,0.8492502741887775,0.836085833052466,0.709397461163267,0.836085833052466,0.836085833052466,0.6687720567570834,0.8793059594442165,0.6702708310459612,0.9348054679284963,0.9768542872172541,0.2271062271062271,0.34177215189873417,0.2088235294117647,0.5798687089715536,0.8941548183254344,0.7704194260485652,0.9701789264413518,0.7837370242214533,0.8885557221389305,0.9285,0.62,0.2727272727272727,0.71,0.53,0.566,0.698,0.976,0.9041916167664671,0.6875925,0.45455042,534016000,37915136000,273.97287464141846,102090
71,0.8440624648915852,0.812420673731798,0.8440624648915852,0.655211476506139,0.8548570204991529,0.8440624648915852,0.6913024695101189,0.8440624648915852,0.8440624648915852,0.663095044652037,0.8767105488725253,0.6473376483845852,0.9214711729622267,0.979840848806366,0.2388451443569554,0.27184466019417475,0.1783783783783784,0.6535211267605634,0.8232445520581114,0.8381962864721485,0.9832572298325722,0.7423510466988728,0.9265367316341829,0.9235,0.455,0.2828282828282828,0.66,0.464,0.68,0.632,0.969,0.9201596806387226,0.6990758,0.43735138,534016000,38449152000,264.38273882865906,102090
72,0.8470958319289967,0.8163039402213677,0.8470958319289967,0.6645894983664117,0.8575438968297281,0.8470958319289967,0.7147773518022336,0.8470958319289967,0.8470958319289967,0.6664932818537894,0.8800929869013068,0.6711308911398038,0.9415173867228662,0.9695276790248857,0.33163265306122447,0.25316455696202533,0.16916488222698073,0.6528925619834711,0.8666666666666667,0.6739495798319328,0.9788306451612904,0.8275862068965517,0.8930534732633684,0.9545,0.325,0.40404040404040403,0.79,0.474,0.624,0.802,0.971,0.9101796407185628,0.75734055,0.41367063,534016000,38983168000,262.96513319015503,102090
73,0.8632737894618582,0.8349393950064815,0.8632737894618582,0.6816276224578235,0.8674243227772166,0.8632737894618582,0.7152656142079568,0.8632737894618582,0.8632737894618582,0.6818528141716781,0.8799306931316613,0.6692620187463428,0.9230769230769231,0.9659829914957478,0.3118279569892473,0.3118279569892473,0.23452768729641693,0.6893491124260355,0.8501259445843828,0.7481060606060606,0.9833501513622603,0.8003533568904594,0.9295352323838081,0.9655,0.435,0.29292929292929293,0.72,0.466,0.675,0.79,0.9745,0.9041916167664671,0.6845592,0.37540013,534016000,39517184000,264.3274595737457,102090
74,0.861139197842939,0.8321747101680183,0.8611391978429389,0.6772459663747209,0.8641809660079777,0.861139197842939,0.700424687225431,0.861139197842939,0.861139197842939,0.6901609800370501,0.8740586081577149,0.6463145232005896,0.9234256926952141,0.9734287174246296,0.29924242424242425,0.46296296296296297,0.22295081967213115,0.658753709198813,0.8154506437768241,0.7846153846153846,0.9593734703866863,0.8014059753954306,0.9160419790104948,0.9525,0.395,0.25252525252525254,0.68,0.444,0.76,0.714,0.98,0.9101796407185628,0.70058453,0.40352422,534016000,40051200000,264.7681362628937,102090
75,0.8414784855634199,0.8092345622688675,0.8414784855634198,0.6485042365664622,0.8513236122439031,0.8414784855634199,0.6872629268426936,0.8414784855634199,0.8414784855634199,0.658788397726012,0.8731726655941919,0.639807823441323,0.9176706827309237,0.9772492244053774,0.25448028673835127,0.2764227642276423,0.15625,0.6804123711340206,0.8103864734299517,0.7884615384615384,0.9857506361323155,0.7408,0.9135432283858071,0.945,0.355,0.3434343434343434,0.7,0.396,0.671,0.656,0.9685,0.9241516966067864,0.71696234,0.43859383,534016000,40585216000,264.1583728790283,102090
76,0.8555218514773621,0.8254447027594156,0.8555218514773621,0.6709669254090237,0.8612659818115962,0.8555218514773621,0.7039340248221018,0.8555218514773621,0.8555218514773621,0.6822376821476481,0.8805638101255262,0.6658795390908224,0.9033492822966507,0.9669669669669669,0.2774869109947644,0.2857142857142857,0.2032258064516129,0.704225352112676,0.8502604166666666,0.8370927318295739,0.9823321554770318,0.8117229129662522,0.9435282358820589,0.966,0.53,0.36363636363636365,0.63,0.4,0.653,0.668,0.973,0.9121756487025948,0.769162,0.39876875,534016000,41119232000,263.26544880867004,102090
77,0.8512526682395236,0.8212523729526173,0.8512526682395236,0.6733791485424494,0.8613839622519367,0.8512526682395236,0.7152889199793135,0.8512526682395236,0.8512526682395236,0.664927629102619,0.8778257105125382,0.6806022218990048,0.9435787211176787,0.9699745547073791,0.30223880597014924,0.2535211267605634,0.2017291066282421,0.5841995841995842,0.8402439024390244,0.7679324894514767,0.9798081776880363,0.806049822064057,0.8775612193903048,0.953,0.405,0.36363636363636365,0.7,0.562,0.689,0.728,0.9705,0.9041916167664671,0.692241,0.41298375,534016000,41653248000,259.8499104976654,102090
78,0.8584428715874621,0.829119100205162,0.8584428715874621,0.6736906036656112,0.864481753581135,0.8584428715874621,0.7039935661048082,0.8584428715874621,0.8584428715874621,0.6782543125155367,0.8777057468780712,0.6538727502866605,0.9223880597014925,0.9622266401590457,0.2640845070422535,0.3375,0.20869565217391303,0.6408977556109726,0.8386277001270648,0.7838427947598253,0.9808177688036346,0.8434622467771639,0.9265367316341829,0.968,0.375,0.2727272727272727,0.72,0.514,0.66,0.718,0.9715,0.9141716566866267,0.678517,0.38322872,534016000,42187264000,260.0184898376465,102090
79,0.8469834850016852,0.8161998552056878,0.8469834850016852,0.665459252391661,0.858991291961644,0.8469834850016852,0.7095384066359126,0.8469834850016852,0.8469834850016852,0.6753250043589827,0.8831704083085347,0.660986426788691,0.9331963001027749,0.9706477732793523,0.260233918128655,0.3611111111111111,0.16844349680170576,0.6556473829201102,0.8577348066298343,0.716636197440585,0.9922158796056045,0.8373831775700935,0.9075462268865567,0.959,0.445,0.26262626262626265,0.79,0.476,0.621,0.784,0.956,0.8942115768463074,0.71538717,0.41820583,534016000,42721280000,258.5316758155823,102090
80,0.8631614425345466,0.834883936914541,0.8631614425345466,0.680889763300627,0.869530665988839,0.8631614425345466,0.7124352741974141,0.8631614425345466,0.8631614425345466,0.6806319796655255,0.8810464948607855,0.6676900001818531,0.9208416833667334,0.968,0.3230769230769231,0.2975206611570248,0.2034383954154728,0.615909090909091,0.8323699421965318,0.8209302325581396,0.9902912621359223,0.833941605839416,0.9185407296351824,0.968,0.315,0.36363636363636365,0.71,0.542,0.72,0.706,0.969,0.9121756487025948,0.7017389,0.36775365,534016000,43255296000,269.3018183708191,102090
81,0.8440624648915852,0.812648405835738,0.8440624648915852,0.6639780222449914,0.8560686588217001,0.8440624648915852,0.7094338904808166,0.8440624648915852,0.8440624648915852,0.6788103985388594,0.8844958607979447,0.6636871401525747,0.9338461538461539,0.970498474059003,0.24494949494949494,0.37681159420289856,0.17429193899782136,0.625,0.8813291139240507,0.8205741626794258,0.9828369510348309,0.7779661016949152,0.9100449775112444,0.954,0.485,0.26262626262626265,0.8,0.55,0.557,0.686,0.9735,0.9161676646706587,0.6503603,0.4054388,534016000,43789312000,263.988468170166,102090
82,0.8620379732614313,0.8335980791302254,0.8620379732614313,0.6826821097896313,0.8685885857402758,0.8620379732614313,0.7029637667919806,0.8620379732614313,0.8620379732614313,0.6789129249858286,0.8790094329702886,0.6560382220870582,0.9279553526128869,0.9684842421210605,0.2628992628992629,0.26744186046511625,0.3235294117647059,0.5934291581108829,0.8295194508009154,0.7709251101321586,0.9892141756548536,0.8557312252964426,0.9140429785107447,0.968,0.535,0.23232323232323232,0.55,0.578,0.725,0.7,0.963,0.8642714570858283,0.6829791,0.37656084,534016000,44323328000,261.1411166191101,102090
83,0.8364228738344006,0.8040684489641168,0.8364228738344006,0.6633374830915655,0.8495889550544914,0.8364228738344006,0.7227507974102225,0.8364228738344006,0.8364228738344006,0.6658472978882848,0.8850339688230684,0.6951750766474362,0.9444444444444444,0.9723360655737705,0.22920892494929007,0.267515923566879,0.1925133689839572,0.6098081023454158,0.8962264150943396,0.7534516765285996,0.9843037974683544,0.8086642599277978,0.8920539730134932,0.949,0.565,0.42424242424242425,0.72,0.572,0.475,0.764,0.972,0.8942115768463074,0.6999394,0.4326914,534016000,44857344000,258.90521454811096,102090
84,0.8509156274575891,0.8206940044281114,0.8509156274575892,0.672188376369918,0.8597291955546787,0.8509156274575891,0.7216091841032849,0.8509156274575891,0.8509156274575891,0.6727649281345999,0.8828524017738804,0.682769570745646,0.930492135971588,0.9744376278118609,0.2697947214076246,0.2956521739130435,0.2077922077922078,0.6361323155216285,0.899236641221374,0.7639751552795031,0.978894472361809,0.7712418300653595,0.9165417291354323,0.953,0.46,0.3434343434343434,0.8,0.5,0.589,0.738,0.974,0.9421157684630739,0.6614183,0.3919646,534016000,45391360000,277.12221598625183,102090
85,0.8533872598584429,0.8230358023046378,0.8533872598584429,0.6599464355883542,0.860367695037366,0.8533872598584429,0.6911978508749617,0.8533872598584429,0.8533872598584429,0.6711992784777413,0.8774615834501648,0.6347332724412889,0.9104186952288218,0.9732922444786851,0.2621082621082621,0.25287356321839083,0.19382022471910113,0.6765676567656765,0.8307873090481787,0.8086124401913876,0.9794383149448345,0.8240740740740741,0.9345327336331835,0.9475,0.46,0.2222222222222222,0.69,0.41,0.707,0.676,0.9765,0.8882235528942116,0.6834065,0.4283363,534016000,45925376000,267.26984167099,102090
86,0.856757667677789,0.8276804104120874,0.856757667677789,0.6859978059002658,0.8648025698673917,0.856757667677789,0.7246582980103126,0.856757667677789,0.856757667677789,0.6742196989487466,0.8793746326268326,0.6953316752292203,0.9385918475383801,0.9697732997481109,0.29283489096573206,0.2992125984251969,0.25572519083969464,0.5703275529865125,0.8571428571428571,0.7655601659751037,0.9823143001515917,0.8107142857142857,0.8860569715142429,0.9625,0.47,0.3838383838383838,0.67,0.592,0.666,0.738,0.972,0.906187624750499,0.68384147,0.39792562,534016000,46459392000,266.9101550579071,102090
87,0.8661948095719582,0.8384011217100596,0.8661948095719583,0.6839586604084339,0.8698820895773665,0.8661948095719582,0.7012393728557604,0.8661948095719582,0.8661948095719582,0.6852911198803489,0.8765856681905473,0.6447510760356834,0.9245093105183694,0.9678068410462777,0.27531645569620256,0.3620689655172414,0.29850746268656714,0.6163069544364509,0.7921686746987951,0.7494908350305499,0.9912416280267903,0.8754940711462451,0.9180409795102449,0.962,0.435,0.21212121212121213,0.6,0.514,0.789,0.736,0.962,0.8842315369261478,0.6654795,0.3807478,534016000,46993408000,273.87819600105286,102090
88,0.8673182788450736,0.8400694773488884,0.8673182788450736,0.7027037380556438,0.8733189795947516,0.8673182788450736,0.7365695704406915,0.8673182788450736,0.8673182788450736,0.69350274815196,0.8851690928292053,0.7083970770999864,0.9367219917012448,0.9665835411471322,0.3022598870056497,0.3611111111111111,0.2875536480686695,0.6244131455399061,0.8675742574257426,0.7655038759689923,0.9809045226130654,0.8424015009380863,0.9025487256371814,0.969,0.535,0.3939393939393939,0.67,0.532,0.701,0.79,0.976,0.8962075848303394,0.69590974,0.37822607,534016000,47527424000,257.6719481945038,102090
89,0.862599707897989,0.8342675728921826,0.862599707897989,0.6812866015898659,0.8681764438131429,0.862599707897989,0.718741307226989,0.862599707897989,0.862599707897989,0.6999541223680927,0.8883304264879839,0.6550134621706493,0.918734793187348,0.9739795918367347,0.2929782082324455,0.40476190476190477,0.2204968944099379,0.75,0.8730606488011283,0.7728155339805826,0.9788838612368024,0.8138297872340425,0.9435282358820589,0.9545,0.605,0.1717171717171717,0.71,0.498,0.619,0.796,0.9735,0.9161676646706587,0.6569425,0.37523863,534016000,48061440000,258.24995374679565,102090
90,0.8483316481294236,0.8175182648023214,0.8483316481294236,0.6651699447826391,0.8580795566481608,0.8483316481294236,0.7110300956398955,0.8483316481294236,0.8483316481294236,0.6662588444410622,0.8796225804995621,0.6739302294094158,0.9352331606217616,0.9583333333333334,0.3333333333333333,0.2222222222222222,0.17464114832535885,0.6153846153846154,0.8846153846153846,0.7379576107899807,0.9818548387096774,0.8190127970749543,0.9020489755122438,0.966,0.38,0.40404040404040403,0.73,0.496,0.598,0.766,0.974,0.8942115768463074,0.72147256,0.4059966,534016000,48595456000,263.4836037158966,102090
91,0.8606898101336928,0.8323470627424854,0.8606898101336928,0.6858333401364645,0.8686251370727142,0.8606898101336928,0.7138567584697942,0.8606898101336928,0.8606898101336928,0.6847189343852964,0.882268554278157,0.6676874447349993,0.9451612903225807,0.9762145748987854,0.2704714640198511,0.36507936507936506,0.2747747747747748,0.5595463137996219,0.8205417607223476,0.8171296296296297,0.9818731117824774,0.8363970588235294,0.8785607196401799,0.9645,0.545,0.23232323232323232,0.61,0.592,0.727,0.706,0.975,0.908183632734531,0.7516232,0.39046264,534016000,49129472000,267.06489419937134,102090
92,0.8584428715874621,0.8295010574718011,0.8584428715874621,0.6896129285518316,0.8665421645796756,0.8584428715874621,0.7294210035337984,0.8584428715874621,0.8584428715874621,0.6809199849066407,0.8822393248858209,0.7079466747856821,0.9259072580645161,0.9721377912867275,0.29562982005141386,0.2620320855614973,0.28708133971291866,0.5977272727272728,0.8542199488491049,0.8088578088578089,0.9872579001019368,0.818348623853211,0.9180409795102449,0.9595,0.575,0.494949494949495,0.6,0.526,0.668,0.694,0.9685,0.8902195608782435,0.6971345,0.38593295,534016000,49663488000,263.55340051651,102090
93,0.8627120548253006,0.8345026457765212,0.8627120548253006,0.6798910165659483,0.8680614955763175,0.8627120548253006,0.7135442907424894,0.8627120548253006,0.8627120548253006,0.677168344688573,0.8792884623608093,0.66495622275783,0.9306476287608363,0.9759467758444217,0.32061068702290074,0.29347826086956524,0.23225806451612904,0.6519337016574586,0.8129032258064516,0.7965738758029979,0.9862874555611986,0.7710437710437711,0.9120439780109945,0.9535,0.42,0.2727272727272727,0.72,0.472,0.756,0.744,0.971,0.9141716566866267,0.6499056,0.38222602,534016000,50197504000,259.58142924308777,102090
94,0.8604651162790697,0.8319126419793017,0.8604651162790697,0.6938824185931021,0.8670875544927834,0.8604651162790697,0.7236445660085942,0.8604651162790697,0.8604651162790697,0.6836760439651411,0.8792819464162855,0.6982725618925655,0.948404255319149,0.9731509625126646,0.28846153846153844,0.24607329842931938,0.37777777777777777,0.6137339055793991,0.8329326923076923,0.8054919908466819,0.9625984251968503,0.788135593220339,0.8910544727636182,0.9605,0.525,0.47474747474747475,0.51,0.572,0.693,0.704,0.978,0.9281437125748503,0.6512359,0.39146182,534016000,50731520000,270.70627999305725,102090
95,0.8523761375126391,0.8223692195912883,0.8523761375126391,0.6800064844353914,0.8608003606947557,0.8523761375126391,0.7075978482361069,0.8523761375126391,0.8523761375126391,0.6697840481992937,0.8751099243746796,0.6724480514803136,0.9486033519553073,0.9680479281078382,0.2844311377245509,0.21379310344827587,0.31843575418994413,0.5064102564102564,0.8432563791008505,0.7815845824411135,0.9602941176470589,0.8729838709677419,0.848575712143928,0.9695,0.475,0.31313131313131315,0.57,0.632,0.694,0.73,0.9795,0.8642714570858283,0.6245706,0.3944505,534016000,51265536000,262.3309531211853,102090
96,0.8473205257836198,0.8162438691605733,0.8473205257836198,0.6583639325570626,0.858109571037378,0.8473205257836198,0.6972542341331602,0.8473205257836198,0.8473205257836198,0.6748531675916213,0.8835125490152491,0.6396674101829418,0.9177679882525698,0.9748717948717949,0.27898550724637683,0.2948717948717949,0.14694656488549618,0.7101449275362319,0.8610271903323263,0.771255060728745,0.986266531027467,0.8063943161634103,0.9370314842578711,0.9505,0.385,0.23232323232323232,0.77,0.49,0.57,0.762,0.9695,0.906187624750499,0.61592686,0.39875302,534016000,51799552000,268.9061872959137,102090
97,0.8608021570610044,0.83230106926679,0.8608021570610045,0.6886859815483959,0.8688721854969889,0.8608021570610044,0.7228374003072859,0.8608021570610044,0.8608021570610044,0.6815647607956382,0.8828353878418848,0.6923409110263528,0.9408067050811943,0.9747474747474747,0.31561461794019935,0.26515151515151514,0.2527881040892193,0.5665467625899281,0.8452970297029703,0.8217592592592593,0.9697570649479424,0.8631790744466801,0.8975512243878061,0.965,0.475,0.35353535353535354,0.68,0.63,0.683,0.71,0.978,0.8562874251497006,0.67756206,0.35428438,534016000,52333568000,264.50854229927063,102090
98,0.8652960341534659,0.8372226601672252,0.8652960341534659,0.6862899885138569,0.8682845894266094,0.8652960341534659,0.714615943747415,0.8652960341534659,0.8652960341534659,0.6822210336109265,0.8768930130214001,0.6731414883701875,0.91452161243322,0.9710953346855984,0.32142857142857145,0.32075471698113206,0.26153846153846155,0.6509695290858726,0.8449704142011835,0.7490196078431373,0.9807692307692307,0.8071428571428572,0.9410294852573713,0.9575,0.405,0.3434343434343434,0.68,0.47,0.714,0.764,0.969,0.9021956087824351,0.6665522,0.3833218,534016000,52867584000,267.36260962486267,102090
99,0.8558588922592967,0.8267233924345014,0.8558588922592967,0.6869313159855996,0.8656584505658915,0.8558588922592967,0.7196785435081406,0.8558588922592967,0.8558588922592967,0.6812731221014661,0.8844093561569742,0.6894123014349358,0.9468932554434413,0.973137354282818,0.25203252032520324,0.3211009174311927,0.27956989247311825,0.5801526717557252,0.8651226158038147,0.7808510638297872,0.9783810960281548,0.8354898336414048,0.8910544727636182,0.96,0.62,0.35353535353535354,0.52,0.608,0.635,0.734,0.973,0.9021956087824351,0.6058042,0.38003626,534016000,53401600000,275.4062440395355,102090
100,0.8647342995169082,0.8370121624883254,0.8647342995169082,0.6894744653545424,0.871499769188783,0.8647342995169082,0.7204335912292448,0.8647342995169082,0.8647342995169082,0.6849891942547932,0.8842176050941432,0.6777683636415978,0.9327515400410678,0.968797181680926,0.28969359331476324,0.3170731707317073,0.25396825396825395,0.6271929824561403,0.8597785977859779,0.8017057569296375,0.9847715736040609,0.8141592920353983,0.9080459770114943,0.9625,0.52,0.26262626262626265,0.64,0.572,0.699,0.752,0.97,0.9181636726546906,0.63067764,0.36904442,534016000,53935616000,262.0142340660095,102090
101,0.8519267498033929,0.8221726930222151,0.8519267498033929,0.6781652899970981,0.8622153906992944,0.8519267498033929,0.7268180242078198,0.8519267498033929,0.8519267498033929,0.6687152229297656,0.8826500037460103,0.6973174986160734,0.9430379746835443,0.9702320887991928,0.2919254658385093,0.2582781456953642,0.2175226586102719,0.5841784989858012,0.8741058655221745,0.7296786389413988,0.9882111737570477,0.829981718464351,0.8935532233883059,0.9615,0.47,0.3939393939393939,0.72,0.576,0.611,0.772,0.964,0.906187624750499,0.61964136,0.37368444,534016000,54469632000,269.7009370326996,102090
102,0.8670935849904505,0.8395442267881802,0.8670935849904505,0.6953407126734774,0.8720654129912022,0.8670935849904505,0.7208419061336688,0.8670935849904505,0.8670935849904505,0.6904479154459572,0.8827156328608806,0.6895167680054658,0.9255583126550868,0.9710365853658537,0.30303030303030304,0.30833333333333335,0.28350515463917525,0.6775,0.8370720188902007,0.8130841121495327,0.9784028126569563,0.8069565217391305,0.9320339830084957,0.9555,0.55,0.37373737373737376,0.55,0.542,0.709,0.696,0.974,0.9261477045908184,0.6233615,0.36542103,534016000,55003648000,262.2810707092285,102090
103,0.8695652173913043,0.8426103649463947,0.8695652173913043,0.6962842892823945,0.8753061169650381,0.8695652173913043,0.7271141232504779,0.8695652173913043,0.8695652173913043,0.6881829975074716,0.8863941234913563,0.6936837166004627,0.9332664325137983,0.9707513867876955,0.3115264797507788,0.25,0.28888888888888886,0.6574074074074074,0.8669950738916257,0.7908496732026143,0.9779005524861878,0.8342440801457195,0.9295352323838081,0.9625,0.5,0.3434343434343434,0.65,0.568,0.704,0.726,0.9735,0.9141716566866267,0.65446156,0.36555308,534016000,55537664000,262.2779862880707,102090
104,0.8588922592967082,0.8301227030473384,0.8588922592967082,0.6865980719071115,0.8683424114216248,0.8588922592967082,0.7261524614847359,0.8588922592967082,0.8588922592967082,0.6821028894401057,0.8869203930566505,0.6980051568500872,0.9335378323108384,0.9684052156469408,0.27102803738317754,0.2483221476510067,0.25691699604743085,0.6173120728929385,0.8668478260869565,0.8112798264642083,0.986322188449848,0.8610567514677103,0.912543728135932,0.9655,0.58,0.37373737373737376,0.65,0.542,0.638,0.748,0.9735,0.8782435129740519,0.59872055,0.3694779,534016000,56071680000,260.2347455024719,102090
105,0.8547354229861813,0.8254695851413003,0.8547354229861813,0.6869230226964261,0.8649092794322721,0.8547354229861813,0.7281104880194632,0.8547354229861813,0.8547354229861813,0.6801553010217359,0.8856531819697359,0.697458454717318,0.9392,0.9713135379969804,0.2634989200863931,0.28448275862068967,0.2603305785123967,0.5791505791505791,0.8757142857142857,0.785140562248996,0.9828369510348309,0.8598848368522073,0.8800599700149925,0.965,0.61,0.3333333333333333,0.63,0.6,0.613,0.782,0.9735,0.8942115768463074,0.6437601,0.38813862,534016000,56605696000,277.44637084007263,102090
106,0.8504662397483429,0.8200230925603628,0.8504662397483429,0.6783539084574935,0.8594745316387594,0.8504662397483429,0.7057739690851361,0.8504662397483429,0.8504662397483429,0.6912959570547335,0.887291092738911,0.6621132302924561,0.9315206445115811,0.965034965034965,0.21641791044776118,0.22556390977443608,0.43137254901960786,0.6357308584686775,0.8966725043782837,0.7995735607675906,0.9828629032258065,0.8282097649186256,0.9245377311344328,0.966,0.725,0.30303030303030304,0.44,0.548,0.512,0.75,0.975,0.9141716566866267,0.5787602,0.37929815,534016000,57139712000,266.78727316856384,102090
107,0.8632737894618582,0.8347504121126804,0.8632737894618582,0.6823482745895827,0.8686104395007751,0.8632737894618582,0.7138623102257617,0.8632737894618582,0.8632737894618582,0.6827478226363379,0.8814343712452665,0.679215892227134,0.9099616858237548,0.9683417085427136,0.32954545454545453,0.23170731707317074,0.23344947735191637,0.6862745098039216,0.8473091364205256,0.7947598253275109,0.9828022255943348,0.8433268858800773,0.9495252373813093,0.9635,0.435,0.3838383838383838,0.67,0.49,0.677,0.728,0.9715,0.8702594810379242,0.60539395,0.35936612,534016000,57673728000,269.4518837928772,102090
