epoch,accuracy,kappa,f1_micro,f1_macro,f1_weighted,recall_micro,recall_macro,recall_weighted,precision_micro,precision_macro,precision_weighted,gmean,precision_wheat,precision_fodder,precision_misc.,precision_orchards,precision_protein_crops,precision_vegetables,recall_wheat,recall_fodder,recall_misc.,recall_orchards,recall_protein_crops,recall_vegetables,trainloss,valloss,FLOPs_per_epoch,cumulative_FLOPs,runtime_per_epoch,Params
0,0.11346266901822458,0.03791649616814352,0.11346266901822458,0.07053451857475773,0.04211245867631303,0.11346266901822458,0.2275,0.11346266901822458,0.11346266901822458,0.04478248066580909,0.027430529559830566,0.0,0.0,0.0,0.07079646017699115,0.0,0.0,0.1978984238178634,0.0,0.0,0.8,0.0,0.0,0.565,1.8472404,1.4988879,37379328,37379328,20.40905737876892,101830
1,0.29394473838918284,0.0,0.29394473838918284,0.07572315614114795,0.1335505399314779,0.29394473838918284,0.16666666666666666,0.29394473838918284,0.29394473838918284,0.048990789731530475,0.08640350922668513,0.0,0.0,0.29394473838918284,0.0,0.0,0.0,0.0,0.0,1.0,0.0,0.0,0.0,0.0,1.5113702,1.4857042,37379328,74758656,19.989847660064697,101830
2,0.058788947677836566,0.0,0.058788947677836566,0.018508236165093468,0.006528478365112334,0.058788947677836566,0.16666666666666666,0.058788947677836566,0.058788947677836566,0.009798157946306094,0.0034561403690674054,0.0,0.0,0.0,0.058788947677836566,0.0,0.0,0.0,0.0,0.0,1.0,0.0,0.0,0.0,1.4752593,1.4884143,37379328,112137984,21.352874755859375,101830
3,0.11757789535567313,0.0,0.11757789535567313,0.03506926179203928,0.0247402199591106,0.11757789535567313,0.16666666666666666,0.11757789535567313,0.11757789535567313,0.01959631589261219,0.013824561476269622,0.0,0.0,0.0,0.0,0.0,0.0,0.11757789535567313,0.0,0.0,0.0,0.0,0.0,1.0,1.4704082,1.4894872,37379328,149517312,21.89015531539917,101830
4,0.21340388007054673,0.07365498243518975,0.21340388007054673,0.11032393345564995,0.15215749655071875,0.21340388007054673,0.21599999999999997,0.21340388007054673,0.21340388007054673,0.11277032823152285,0.1746070763483137,0.0,0.0,0.5389408099688473,0.0,0.0,0.0,0.13768115942028986,0.0,0.346,0.0,0.0,0.0,0.95,1.5075568,1.4859443,37379328,186896640,20.170828342437744,101830
5,0.08524397413286303,0.02138762797174154,0.08524397413286303,0.06137671344725896,0.036232939223246906,0.08524397413286303,0.20166666666666666,0.08524397413286303,0.08524397413286303,0.053458864030781046,0.03394695333117554,0.0,0.0,0.0,0.06406869220607662,0.0,0.0,0.25668449197860965,0.0,0.0,0.97,0.0,0.0,0.24,1.4628763,1.4861023,37379328,224275968,21.152235746383667,101830
6,0.11757789535567313,0.0,0.11757789535567313,0.03506926179203928,0.0247402199591106,0.11757789535567313,0.16666666666666666,0.11757789535567313,0.11757789535567313,0.01959631589261219,0.013824561476269622,0.0,0.0,0.0,0.0,0.0,0.0,0.11757789535567313,0.0,0.0,0.0,0.0,0.0,1.0,1.516837,1.485446,37379328,261655296,20.529078006744385,101830
7,0.059964726631393295,0.0009557388592327243,0.059964726631393295,0.01985683355147134,0.008877925412638883,0.059964726631393295,0.16733333333333333,0.059964726631393295,0.059964726631393295,0.17647635864233865,0.29740494719894367,0.0,0.0,1.0,0.05885815185403178,0.0,0.0,0.0,0.0,0.004,1.0,0.0,0.0,0.0,1.4817245,1.4845161,37379328,299034624,22.099154472351074,101830
8,0.13462669018224574,0.033067760931546175,0.13462669018224574,0.06674072056030056,0.03844917085147854,0.13462669018224574,0.21916666666666665,0.13462669018224574,0.13462669018224574,0.03990063702660523,0.022642194736833196,0.0,0.0,0.0,0.09366391184573003,0.0,0.0,0.14573991031390135,0.0,0.0,0.34,0.0,0.0,0.975,1.4694977,1.4829099,37379328,336413952,21.087098598480225,101830
9,0.08465608465608465,0.020432732761499706,0.08465608465608465,0.046158020809940865,0.05483161844665949,0.08465608465608465,0.18000000000000002,0.08465608465608465,0.08465608465608465,0.16304911795226565,0.2734723160181479,0.0,0.0,0.9183673469387755,0.0599273607748184,0.0,0.0,0.0,0.0,0.09,0.99,0.0,0.0,0.0,1.4773521,1.4787674,37379328,373793280,20.926656007766724,101830
10,0.3203997648442093,0.07356651422072358,0.3203997648442093,0.14484541819810662,0.18376101083159055,0.3203997648442093,0.21766666666666665,0.3203997648442093,0.3203997648442093,0.13438376229336682,0.14777319792315957,0.0,0.0,0.3342372881355932,0.1016949152542373,0.0,0.0,0.37037037037037035,0.0,0.986,0.12,0.0,0.0,0.2,1.5289586,1.4727437,37379328,411172608,21.02314782142639,101830
11,0.2915931804820694,0.16413662664683681,0.2915931804820694,0.18604844715429766,0.23484208992273287,0.2915931804820694,0.29333333333333333,0.2915931804820694,0.2915931804820694,0.16676852291216426,0.213334445978101,0.0,0.0,0.569620253164557,0.08126410835214447,0.0,0.0,0.34972677595628415,0.0,0.72,0.72,0.0,0.0,0.32,1.4972696,1.4377621,37379328,448551936,21.614108085632324,101830
12,0.38154027042915933,0.2248760179866507,0.3815402704291593,0.2563265373686954,0.28258203841687085,0.38154027042915933,0.3428333333333333,0.38154027042915933,0.38154027042915933,0.20634687461181597,0.22546863516201274,0.0,0.2796934865900383,0.4842696629213483,0.09375,0.0,0.0,0.3803680981595092,0.365,0.862,0.21,0.0,0.0,0.62,1.376258,1.3139808,37379328,485931264,21.172669410705566,101830
13,0.31804820693709585,0.19481359997682168,0.31804820693709585,0.23803215096743294,0.2715114028711175,0.31804820693709585,0.33715934797072517,0.31804820693709585,0.31804820693709585,0.2585390286809727,0.3506677023471365,0.0,0.17704918032786884,0.7108753315649867,0.1415525114155251,0.0,0.2894736842105263,0.23228346456692914,0.27,0.536,0.31,0.0,0.021956087824351298,0.885,1.2951857,1.2355828,37379328,523310592,21.08593487739563,101830
14,0.3427395649617872,0.22078972502746275,0.3427395649617872,0.28412540526124114,0.31551545791976837,0.3427395649617872,0.3688007318695941,0.3427395649617872,0.3427395649617872,0.32711422390032624,0.4306416972834424,0.0,0.27472527472527475,0.7551020408163265,0.0,0.32717678100263853,0.3769230769230769,0.22875816993464052,0.25,0.37,0.0,0.62,0.09780439121756487,0.875,1.2515683,1.1629544,37379328,560689920,19.86252737045288,101830
15,0.29747207524985303,0.19336379671939874,0.29747207524985303,0.27883086485305036,0.23817864886153822,0.29747207524985303,0.39482667997338655,0.29747207524985303,0.29747207524985303,0.33509331759618366,0.39932020614168057,0.24202721640306862,0.28690807799442897,0.7068965517241379,0.18548387096774194,0.23500810372771475,0.2777777777777778,0.3184855233853007,0.515,0.164,0.23,0.725,0.01996007984031936,0.715,1.1621087,1.089539,37379328,598069248,20.414524793624878,101830
16,0.3662551440329218,0.2551743803234021,0.3662551440329218,0.3302623099830918,0.3266360728421382,0.3662551440329218,0.42032934131736527,0.3662551440329218,0.3662551440329218,0.39139749657569184,0.4800322191350024,0.2563441183604612,0.2646048109965636,0.7264957264957265,0.2159090909090909,0.3862433862433862,0.5,0.25513196480938416,0.385,0.51,0.38,0.365,0.011976047904191617,0.87,1.0855169,1.0567722,37379328,635448576,19.794106006622314,101830
17,0.3403880070546737,0.2375296485086157,0.3403880070546737,0.3189069805615833,0.29540972989833125,0.3403880070546737,0.42415801729873587,0.3403880070546737,0.3403880070546737,0.4120823272439263,0.5172457968072328,0.28279819015378604,0.30158730158730157,0.8212290502793296,0.24074074074074073,0.3105134474327628,0.5416666666666666,0.25675675675675674,0.475,0.294,0.26,0.635,0.02594810379241517,0.855,1.0101299,1.0386856,37379328,672827904,19.80210566520691,101830
18,0.3968253968253968,0.2825823690214375,0.3968253968253968,0.37972390974179077,0.40215656867111277,0.3968253968253968,0.44653293413173656,0.3968253968253968,0.3968253968253968,0.44708213830465526,0.5551343005592563,0.41528947844327546,0.48333333333333334,0.8493150684931506,0.19377162629757785,0.2686084142394822,0.5726495726495726,0.3148148148148148,0.29,0.248,0.56,0.415,0.40119760479041916,0.765,0.9595309,1.0110414,37379328,710207232,20.947413206100464,101830
19,0.3880070546737213,0.27939010638180983,0.3880070546737213,0.35128079623150693,0.3536549435696981,0.3880070546737213,0.43899135063206923,0.3880070546737213,0.3880070546737213,0.4425020876168644,0.5497505904638664,0.29909797897391016,0.30364372469635625,0.768595041322314,0.22105263157894736,0.46308724832214765,0.65,0.24863387978142076,0.375,0.558,0.42,0.345,0.02594810379241517,0.91,0.91719055,1.0195899,37379328,747586560,23.060428857803345,101830
20,0.3974132863021752,0.2985581120279365,0.3974132863021752,0.3795783135062954,0.36415012455086526,0.3974132863021752,0.4853073852295409,0.3974132863021752,0.3974132863021752,0.4391080816448252,0.5420633563101693,0.38721317241597175,0.37962962962962965,0.8349056603773585,0.20689655172413793,0.35376044568245124,0.5492957746478874,0.31016042780748665,0.615,0.354,0.36,0.635,0.07784431137724551,0.87,0.98380256,0.95145696,37379328,784965888,20.358645915985107,101830
21,0.4279835390946502,0.32643807268043434,0.42798353909465026,0.410474236668543,0.4112338291692489,0.4279835390946502,0.4889494344644045,0.4279835390946502,0.4279835390946502,0.5117205334976177,0.611775529501016,0.4089340525755871,0.3746031746031746,0.8521739130434782,0.4489795918367347,0.404320987654321,0.7169811320754716,0.27326440177252587,0.59,0.392,0.22,0.655,0.15169660678642716,0.925,0.91825724,0.96597594,37379328,822345216,20.327627658843994,101830
22,0.48559670781893005,0.38274203334426804,0.48559670781893005,0.45470243705305236,0.4955018930758791,0.48559670781893005,0.5248902195608782,0.48559670781893005,0.48559670781893005,0.501035546151325,0.599300487226843,0.4666378411606896,0.6019900497512438,0.7372654155495979,0.1708542713567839,0.38636363636363635,0.7112068965517241,0.39853300733496333,0.605,0.55,0.68,0.17,0.32934131736526945,0.815,0.93515176,0.88749546,37379328,859724544,21.191762924194336,101830
23,0.5661375661375662,0.4677182795689806,0.5661375661375662,0.5238840915333576,0.5661933445218631,0.5661375661375662,0.5678589487691285,0.5661375661375662,0.5661375661375662,0.5463107543372199,0.6292526698250315,0.5102920015774104,0.6118721461187214,0.767379679144385,0.33962264150943394,0.4563106796116505,0.726027397260274,0.3766519823788546,0.67,0.574,0.18,0.705,0.4231536926147705,0.855,0.87020665,0.85539156,37379328,897103872,20.5012845993042,101830
24,0.5984714873603763,0.5030532431190817,0.5984714873603763,0.5489506098094404,0.5928870064113095,0.5984714873603763,0.5926696606786427,0.5984714873603763,0.5984714873603763,0.5766597705257963,0.6386090174864747,0.5215444911863438,0.5860805860805861,0.7880434782608695,0.4838709677419355,0.44542772861356933,0.6852367688022284,0.47129909365558914,0.8,0.58,0.15,0.755,0.49101796407185627,0.78,0.82662696,0.78165716,37379328,934483200,20.76438617706299,101830
25,0.5784832451499118,0.4834556487886196,0.5784832451499118,0.5446866379332352,0.5834245931491019,0.5784832451499118,0.5991869594145044,0.5784832451499118,0.5784832451499118,0.5538013368781626,0.640677341014867,0.5733549440355858,0.5884476534296029,0.7429906542056075,0.23673469387755103,0.5267175572519084,0.7508532423208191,0.47706422018348627,0.815,0.636,0.58,0.345,0.43912175648702595,0.78,0.74697804,0.7641908,37379328,971862528,21.44304585456848,101830
26,0.5802469135802469,0.4881817492224835,0.5802469135802469,0.5336564122907511,0.576264567792774,0.5802469135802469,0.5908629407850964,0.5802469135802469,0.5802469135802469,0.587043046863885,0.6680606681167237,0.496376370309633,0.6808510638297872,0.7959770114942529,0.4444444444444444,0.4405797101449275,0.789272030651341,0.3711340206185567,0.8,0.554,0.12,0.76,0.4111776447105788,0.9,0.73700047,0.78020716,37379328,1009241856,20.27561330795288,101830
27,0.63668430335097,0.5449258937148294,0.63668430335097,0.5988831495202104,0.6394628919264534,0.63668430335097,0.6181357285429141,0.63668430335097,0.63668430335097,0.6125847443980221,0.6673233673036998,0.5853448510325023,0.7761194029850746,0.7535545023696683,0.45161290322580644,0.5391705069124424,0.7279411764705882,0.42710997442455245,0.78,0.636,0.28,0.585,0.592814371257485,0.835,0.8044698,0.7491073,37379328,1046621184,20.301052570343018,101830
28,0.6231628453850676,0.5208139045320344,0.6231628453850676,0.5779545230563004,0.6225904225695928,0.6231628453850676,0.582810379241517,0.6231628453850676,0.6231628453850676,0.6080197577915267,0.6494126587773792,0.5540339444447353,0.9032258064516129,0.6606170598911071,0.3815789473684211,0.5099009900990099,0.7142857142857143,0.4785100286532951,0.56,0.728,0.29,0.515,0.5688622754491018,0.835,0.7565755,0.7764789,37379328,1084000512,20.23352551460266,101830
29,0.6355085243974132,0.5417293847314393,0.6355085243974132,0.5791194241530563,0.6298369200949074,0.6355085243974132,0.6046397205588822,0.6355085243974132,0.6355085243974132,0.6467109888613108,0.6701875366700449,0.5323886277429122,0.6954732510288066,0.7276785714285714,0.75,0.539906103286385,0.7329974811083123,0.4342105263157895,0.845,0.652,0.15,0.575,0.5808383233532934,0.825,0.7232104,0.7726566,37379328,1121379840,20.369144916534424,101830
30,0.6213991769547325,0.5259933769819618,0.6213991769547325,0.5815246509612363,0.6279920697829512,0.6213991769547325,0.5954790419161676,0.6213991769547325,0.6213991769547325,0.6231655855124458,0.6756637546168461,0.5507207220375524,0.9194630872483222,0.717439293598234,0.43137254901960786,0.5251141552511416,0.7621621621621621,0.38344226579520696,0.685,0.65,0.22,0.575,0.562874251497006,0.88,0.6864891,0.7555896,37379328,1158759168,20.413302183151245,101830
31,0.5937683715461494,0.5044757305497647,0.5937683715461494,0.5633094482569099,0.5948353816819804,0.5937683715461494,0.6180149700598804,0.5937683715461494,0.5937683715461494,0.5629070725513777,0.6572889220301531,0.5851989753228324,0.6124567474048442,0.7718309859154929,0.2894736842105263,0.42153846153846153,0.7972027972027972,0.48493975903614456,0.885,0.548,0.33,0.685,0.4550898203592814,0.805,0.7151568,0.7117569,37379328,1196138496,20.403456926345825,101830
32,0.6390358612580834,0.5529204680830844,0.6390358612580834,0.5997409053404884,0.6395819503745858,0.6390358612580834,0.6346563539587492,0.6390358612580834,0.6390358612580834,0.6321145359485282,0.6938670600507141,0.5856890620023795,0.7276595744680852,0.7577937649880095,0.5581395348837209,0.49063670411985016,0.83125,0.42720763723150357,0.855,0.632,0.24,0.655,0.530938123752495,0.895,0.6890905,0.710748,37379328,1233517824,20.205023765563965,101830
33,0.6407995296884186,0.5477294238213042,0.6407995296884186,0.6057251438766571,0.6429814484143455,0.6407995296884186,0.6209690618762475,0.6407995296884186,0.6407995296884186,0.6018411813313428,0.6553179918997369,0.5959103743964533,0.8048780487804879,0.7121212121212122,0.36046511627906974,0.4560810810810811,0.7139423076923077,0.5635593220338984,0.825,0.658,0.31,0.675,0.592814371257485,0.665,0.64595187,0.69092673,37379328,1270897152,21.56277847290039,101830
34,0.660787771898883,0.5682659456121113,0.660787771898883,0.6178122567735616,0.6618442736947082,0.660787771898883,0.6211117764471058,0.660787771898883,0.660787771898883,0.6226629205599017,0.6686584109837796,0.5985317212287206,0.8488372093023255,0.7090909090909091,0.3855421686746988,0.5327102803738317,0.7176724137931034,0.5421245421245421,0.73,0.702,0.32,0.57,0.6646706586826348,0.74,0.7222843,0.6936296,37379328,1308276480,21.09849762916565,101830
35,0.6431510875955321,0.5530622925216682,0.6431510875955321,0.6067396505746528,0.645891074786329,0.6431510875955321,0.6312624750499002,0.6431510875955321,0.6431510875955321,0.5990102212397027,0.6695484390829746,0.6117714563317496,0.7565217391304347,0.8132530120481928,0.3053435114503817,0.46153846153846156,0.6865384615384615,0.5708661417322834,0.87,0.54,0.4,0.54,0.7125748502994012,0.725,0.6652842,0.65769756,37379328,1345655808,21.027616500854492,101830
36,0.6449147560258671,0.5569557970905124,0.6449147560258671,0.5928939006142526,0.6448023730405853,0.6449147560258671,0.6221157684630739,0.6449147560258671,0.6449147560258671,0.6437849733928119,0.6983988512320704,0.5417273264837794,0.9225806451612903,0.7932011331444759,0.4827586206896552,0.43977591036414565,0.75,0.4743935309973046,0.715,0.56,0.14,0.785,0.6526946107784432,0.88,0.63637054,0.7112837,37379328,1383035136,20.280039310455322,101830
37,0.6549088771310994,0.5693239959317087,0.6549088771310994,0.6181175932493496,0.6551973130493133,0.6549088771310994,0.6474331337325349,0.6549088771310994,0.6549088771310994,0.6140591505656664,0.6834309329343571,0.6191034787474577,0.7692307692307693,0.8115501519756839,0.3655913978494624,0.48627450980392156,0.7267080745341615,0.525,0.85,0.534,0.34,0.62,0.7005988023952096,0.84,0.6704831,0.6639254,37379328,1420414464,19.58776593208313,101830
38,0.6696061140505585,0.5863146046702437,0.6696061140505585,0.634306781943944,0.6727280993306091,0.6696061140505585,0.6527651363938789,0.6696061140505585,0.6696061140505585,0.6590504730460048,0.7080835145595631,0.6161176683437707,0.9090909090909091,0.7814207650273224,0.5283018867924528,0.44108761329305135,0.7707423580786026,0.5236593059936908,0.8,0.572,0.28,0.73,0.7045908183632734,0.83,0.65620095,0.6761442,37379328,1457793792,20.063217878341675,101830
39,0.6854791299235744,0.6035091143649223,0.6854791299235744,0.6392212006044969,0.6838998793118568,0.6854791299235744,0.6577598137059214,0.6854791299235744,0.6854791299235744,0.6395482765223908,0.6968179694794895,0.6197035165021144,0.8027522935779816,0.7786069651741293,0.4307692307692308,0.5102040816326531,0.7552301255230126,0.5597269624573379,0.875,0.626,0.28,0.625,0.720558882235529,0.82,0.58012104,0.64561933,37379328,1495173120,19.675854682922363,101830
40,0.6966490299823633,0.6171953232126222,0.6966490299823633,0.6393160147109835,0.6917403629723413,0.6966490299823633,0.6604311377245509,0.6966490299823633,0.6966490299823633,0.698722606304313,0.7250863635912875,0.5882113270770349,0.845,0.7645687645687645,0.7391304347826086,0.5143884892086331,0.7955056179775281,0.5337423312883436,0.845,0.656,0.17,0.715,0.7065868263473054,0.87,0.56501764,0.665469,37379328,1532552448,19.764009714126587,101830
41,0.6748971193415638,0.5918546483903986,0.6748971193415638,0.6222508595440309,0.6745279589169297,0.6748971193415638,0.6447831004657352,0.6748971193415638,0.6748971193415638,0.662824409295088,0.7112266826051676,0.5716918484821035,0.9055555555555556,0.7414187643020596,0.5333333333333333,0.4409221902017291,0.815,0.5407166123778502,0.815,0.648,0.16,0.765,0.6506986027944112,0.83,0.64068556,0.64703023,37379328,1569931776,20.09379506111145,101830
42,0.6537330981775427,0.5730003162363948,0.6537330981775427,0.6243786946242237,0.6598510804245877,0.6537330981775427,0.6576330671989356,0.6537330981775427,0.6537330981775427,0.6743786586372379,0.7308223213869938,0.6105386497197375,0.8802083333333334,0.8069164265129684,0.6341463414634146,0.4375,0.847887323943662,0.4396135265700483,0.845,0.56,0.26,0.77,0.6007984031936128,0.91,0.6206966,0.65934086,37379328,1607311104,19.896804094314575,101830
43,0.6825396825396826,0.6014696171237817,0.6825396825396826,0.638216366560617,0.6800080919578364,0.6825396825396826,0.6614251497005987,0.6825396825396826,0.6825396825396826,0.6587286072837597,0.7083608383705006,0.6092297942916068,0.8413461538461539,0.8016759776536313,0.5227272727272727,0.465625,0.7515527950310559,0.5694444444444444,0.875,0.574,0.23,0.745,0.7245508982035929,0.82,0.5986055,0.6489922,37379328,1644690432,20.694566249847412,101830
44,0.6948853615520282,0.6119485451680327,0.6948853615520282,0.619519218550813,0.6850041583399141,0.6948853615520282,0.640918496340652,0.6948853615520282,0.6948853615520282,0.684004528541417,0.7127289465896688,0.5156668676869685,0.9184782608695652,0.7557603686635944,0.6153846153846154,0.5425101214574899,0.7520161290322581,0.5198776758409785,0.845,0.656,0.08,0.67,0.7445109780439122,0.85,0.6149383,0.709483,37379328,1682069760,19.558632135391235,101830
45,0.6901822457378013,0.5986587439525282,0.6901822457378013,0.6287556769092605,0.6817306900202751,0.6901822457378013,0.6185558882235529,0.6901822457378013,0.6901822457378013,0.6886298261846443,0.6978789355379335,0.5583429183953668,0.93125,0.7377777777777778,0.6206896551724138,0.5743589743589743,0.6693418940609952,0.5983606557377049,0.745,0.664,0.18,0.56,0.8323353293413174,0.73,0.6534398,0.6910294,37379328,1719449088,19.533965587615967,101830
46,0.7048794826572604,0.6271521987445725,0.7048794826572604,0.6598193188721356,0.7021008066510664,0.7048794826572604,0.6749165003326679,0.7048794826572604,0.7048794826572604,0.6810759465647657,0.7204341728466321,0.6326655430218984,0.8405797101449275,0.782716049382716,0.6,0.5212355212355212,0.7752577319587629,0.5666666666666667,0.87,0.634,0.27,0.675,0.7504990019960079,0.85,0.70327425,0.64284325,37379328,1756828416,21.517927408218384,101830
47,0.6731334509112287,0.5948619005107942,0.6731334509112287,0.6373826512004478,0.6759947631811393,0.6731334509112287,0.6702791084497671,0.6731334509112287,0.6731334509112287,0.6601798331724886,0.7243593012519206,0.6279173825326027,0.8064516129032258,0.8103448275862069,0.5490196078431373,0.42382271468144045,0.836272040302267,0.5351681957186545,0.875,0.564,0.28,0.765,0.6626746506986028,0.875,0.58199877,0.6410248,37379328,1794207744,20.762898206710815,101830
48,0.6578483245149912,0.5753927474047018,0.6578483245149912,0.6276042567991188,0.6648300021175819,0.6578483245149912,0.6532950765136395,0.6578483245149912,0.6578483245149912,0.6558769983119742,0.7160965194768371,0.616279351812629,0.8711340206185567,0.7894736842105263,0.5172413793103449,0.5316455696202531,0.8169761273209549,0.4087912087912088,0.845,0.6,0.3,0.63,0.6147704590818364,0.93,0.619274,0.6881454,37379328,1831587072,20.374910354614258,101830
49,0.6713697824808936,0.5906817429470377,0.6713697824808936,0.6315824156589583,0.675577145062029,0.6713697824808936,0.6567924151696607,0.6713697824808936,0.6713697824808936,0.6668329684968,0.7238723916433202,0.6089285573913603,0.875,0.7761557177615572,0.5555555555555556,0.5138339920948617,0.8432432432432433,0.4372093023255814,0.84,0.638,0.25,0.65,0.6227544910179641,0.94,0.6082308,0.6529774,37379328,1868966400,20.32112979888916,101830
50,0.6878306878306878,0.6096544964469492,0.6878306878306878,0.6379859570150078,0.6850889824716169,0.6878306878306878,0.6681230871590152,0.6878306878306878,0.6878306878306878,0.6831356789469419,0.7272420054051826,0.6000631477713122,0.8364485981308412,0.7615740740740741,0.6551724137931034,0.4819672131147541,0.8449197860962567,0.5187319884726225,0.895,0.658,0.19,0.735,0.6307385229540918,0.9,0.6571292,0.62897456,37379328,1906345728,20.274978637695312,101830
51,0.6801881246325691,0.6029686049899234,0.6801881246325691,0.6481364165481066,0.6846498456828162,0.6801881246325691,0.6824657351962742,0.6801881246325691,0.6801881246325691,0.6448225512852169,0.7213916149351016,0.6580199377238369,0.8301886792452831,0.7563805104408353,0.3786407766990291,0.5057034220532319,0.877906976744186,0.5201149425287356,0.88,0.652,0.39,0.665,0.6027944111776448,0.905,0.5601504,0.6282141,37379328,1943725056,19.661758184432983,101830
52,0.6772486772486772,0.5997382876658311,0.6772486772486772,0.6432347676167187,0.6825413704558014,0.6772486772486772,0.6779424484364603,0.6772486772486772,0.6772486772486772,0.6353980883952101,0.7156995702144904,0.6538483455187181,0.8127853881278538,0.7967032967032966,0.34545454545454546,0.46534653465346537,0.8320987654320988,0.56,0.89,0.58,0.38,0.705,0.6726546906187625,0.84,0.6289823,0.6246835,37379328,1981104384,19.80819821357727,101830
53,0.6813639035861259,0.6042584809695162,0.6813639035861259,0.6259434980195231,0.6744136363683435,0.6813639035861259,0.6695971390552229,0.6813639035861259,0.6813639035861259,0.6705212722534694,0.729116712406665,0.592956273575604,0.708029197080292,0.8640776699029126,0.6428571428571429,0.4608433734939759,0.7995495495495496,0.5477707006369427,0.97,0.534,0.18,0.765,0.7085828343313373,0.86,0.6064402,0.6192238,37379328,2018483712,19.68771266937256,101830
54,0.708994708994709,0.6290669613002646,0.708994708994709,0.6595536547695071,0.7068413140673111,0.708994708994709,0.6618965402528277,0.708994708994709,0.708994708994709,0.6875706044751989,0.724364608520265,0.620406349870258,0.8848167539267016,0.8177215189873418,0.5531914893617021,0.49169435215946844,0.7211367673179396,0.6568627450980392,0.845,0.646,0.26,0.74,0.810379241516966,0.67,0.55794895,0.61965674,37379328,2055863040,19.88805079460144,101830
55,0.7019400352733686,0.6203887110575856,0.7019400352733686,0.6535559084086568,0.6957279787980846,0.7019400352733686,0.6603918829008649,0.7019400352733686,0.7019400352733686,0.6954079254079254,0.7211947501189123,0.613662872172348,0.8686868686868687,0.8214285714285714,0.6666666666666666,0.57,0.705982905982906,0.5396825396825397,0.86,0.598,0.26,0.57,0.8243512974051896,0.85,0.54198736,0.689371,37379328,2093242368,20.742499113082886,101830
56,0.7095825984714874,0.6325018827688818,0.7095825984714875,0.661484339634081,0.7074088342906704,0.7095825984714874,0.6752511643379906,0.7095825984714874,0.7095825984714874,0.6789785980780297,0.7234801766816396,0.6228719414780796,0.9289617486338798,0.7593457943925234,0.48936170212765956,0.508833922261484,0.7873684210526316,0.6,0.85,0.65,0.23,0.72,0.7465069860279441,0.855,0.59392536,0.613631,37379328,2130621696,21.00805377960205,101830
57,0.713697824808936,0.635969374190597,0.713697824808936,0.6637573091454966,0.7105251537808993,0.713697824808936,0.6705758483033932,0.713697824808936,0.713697824808936,0.7044746000867447,0.7293556756049373,0.6192891088872724,0.8994974874371859,0.7726218097447796,0.6764705882352942,0.49666666666666665,0.7678571428571429,0.6137339055793991,0.895,0.666,0.23,0.745,0.7724550898203593,0.715,0.52738273,0.6192368,37379328,2168001024,21.080564498901367,101830
58,0.7166372721928278,0.6396743945658594,0.7166372721928278,0.6643323693696791,0.714059155705452,0.7166372721928278,0.6714051896207586,0.7166372721928278,0.7166372721928278,0.6872800920813447,0.7281117797109485,0.6249042463563412,0.9269662921348315,0.7819025522041764,0.5319148936170213,0.5336134453781513,0.7721021611001965,0.5771812080536913,0.825,0.674,0.25,0.635,0.7844311377245509,0.86,0.5561898,0.61007494,37379328,2205380352,21.120014905929565,101830
59,0.6984126984126984,0.6236861988128568,0.6984126984126984,0.6621496755004181,0.7005265021377273,0.6984126984126984,0.6940871590153028,0.6984126984126984,0.6984126984126984,0.65310545945651,0.7258591926774192,0.6739949099886668,0.7956521739130434,0.8277777777777777,0.4107142857142857,0.539906103286385,0.8096280087527352,0.5349544072948328,0.915,0.596,0.46,0.575,0.7385229540918163,0.88,0.54825765,0.60597414,37379328,2242759680,22.48280620574951,101830
60,0.720164609053498,0.644179166395666,0.7201646090534979,0.6698641717179491,0.7150267727616216,0.720164609053498,0.6807491683300068,0.720164609053498,0.720164609053498,0.6843264995953252,0.7225927083220932,0.6332030495503871,0.8591549295774648,0.7604395604395604,0.5416666666666666,0.568075117370892,0.777319587628866,0.5993031358885017,0.915,0.692,0.26,0.605,0.7524950099800399,0.86,0.5100221,0.61542666,37379328,2280139008,22.28830122947693,101830
61,0.7101704879482658,0.6298640337035755,0.7101704879482658,0.6431963064185077,0.7023580572395248,0.7101704879482658,0.6544258150365935,0.7101704879482658,0.7101704879482658,0.710749264886679,0.7281408300590843,0.5585107844887595,0.9570552147239264,0.7283702213279678,0.6666666666666666,0.5160142348754448,0.776824034334764,0.6195652173913043,0.78,0.724,0.12,0.725,0.7225548902195609,0.855,0.51703733,0.64624304,37379328,2317518336,19.837600231170654,101830
62,0.7107583774250441,0.6324095828298627,0.7107583774250441,0.665062135400161,0.7097825655321589,0.7107583774250441,0.6705765136393879,0.7107583774250441,0.7107583774250441,0.6852945413678805,0.7244493627014871,0.6358155227703997,0.9273743016759777,0.7793103448275862,0.543859649122807,0.5566502463054187,0.7658730158730159,0.5386996904024768,0.83,0.678,0.31,0.565,0.7704590818363274,0.87,0.5659987,0.6321937,37379328,2354897664,19.80603861808777,101830
63,0.7119341563786008,0.6386576371177409,0.7119341563786008,0.6690182071375183,0.7091610738965418,0.7119341563786008,0.6935878243512974,0.7119341563786008,0.7119341563786008,0.6930294753407359,0.737374484978262,0.6500616932166439,0.8042553191489362,0.8093994778067886,0.6590909090909091,0.5317460317460317,0.8163716814159292,0.5373134328358209,0.945,0.62,0.29,0.67,0.7365269461077845,0.9,0.5251417,0.6034202,37379328,2392276992,19.567418575286865,101830
64,0.7101704879482658,0.6366973407115091,0.7101704879482658,0.666900165837306,0.7112762880954563,0.7101704879482658,0.6919198270126414,0.7101704879482658,0.7101704879482658,0.6578669917541503,0.7278717851040719,0.6594123150239006,0.8185840707964602,0.798469387755102,0.3793103448275862,0.49645390070921985,0.8207964601769911,0.6335877862595419,0.925,0.626,0.33,0.7,0.7405189620758483,0.83,0.52750754,0.5763227,37379328,2429656320,19.704436779022217,101830
65,0.6884185773074663,0.611492040699972,0.6884185773074663,0.6474474984011858,0.6899065408187589,0.6884185773074663,0.6761044577511642,0.6884185773074663,0.6884185773074663,0.6592703423470307,0.7233748810075692,0.6314962995060482,0.8578199052132701,0.7792207792207793,0.48214285714285715,0.4816053511705686,0.8431372549019608,0.5116959064327485,0.905,0.6,0.27,0.72,0.6866267465069861,0.875,0.49823534,0.59970105,37379328,2467035648,19.93247890472412,101830
66,0.7013521457965902,0.6277580264336309,0.7013521457965902,0.6522629944414593,0.7014406467117063,0.7013521457965902,0.6830871590153027,0.7013521457965902,0.7013521457965902,0.6788132581380947,0.7447747828111845,0.6255664036364355,0.87,0.838150289017341,0.5227272727272727,0.49836065573770494,0.8409090909090909,0.5027322404371585,0.87,0.58,0.23,0.76,0.7385229540918163,0.92,0.4984666,0.623973,37379328,2504414976,21.63966178894043,101830
67,0.702527924750147,0.622949498277066,0.702527924750147,0.6110052316411893,0.6898211129219427,0.702527924750147,0.6457551563539586,0.702527924750147,0.702527924750147,0.7048393872518827,0.7336261002178416,0.41713704815976077,0.9588235294117647,0.771889400921659,0.6666666666666666,0.5239852398523985,0.7880085653104925,0.5196629213483146,0.815,0.67,0.02,0.71,0.7345309381237525,0.925,0.5210831,0.70127845,37379328,2541794304,20.900397062301636,101830
68,0.7031158142269254,0.6322903682040464,0.7031158142269254,0.6649322616003869,0.7035510529984464,0.7031158142269254,0.7032651363938789,0.7031158142269254,0.7031158142269254,0.6849145405953574,0.7530769251578253,0.6605321842405547,0.7923728813559322,0.8507462686567164,0.5849056603773585,0.4934640522875817,0.8716049382716049,0.5163934426229508,0.935,0.57,0.31,0.755,0.7045908183632734,0.945,0.6057482,0.612006,37379328,2579173632,21.417454957962036,101830
69,0.7119341563786008,0.6344132053201303,0.7119341563786008,0.6570990958283947,0.7070775799911172,0.7119341563786008,0.6685652029274785,0.7119341563786008,0.7119341563786008,0.7123848603336921,0.737798203628229,0.6060409115022841,0.9415204678362573,0.8036175710594315,0.6896551724137931,0.5110294117647058,0.7575187969924813,0.5709677419354838,0.805,0.622,0.2,0.695,0.8043912175648703,0.885,0.5277873,0.64270824,37379328,2616552960,21.404443979263306,101830
70,0.7019400352733686,0.6286843330085496,0.7019400352733686,0.6561592915306124,0.705141829267333,0.7019400352733686,0.6839218230206253,0.7019400352733686,0.7019400352733686,0.6805330798630913,0.7486550063783496,0.6270693910509214,0.8780487804878049,0.8271954674220963,0.48936170212765956,0.41854636591478694,0.8558139534883721,0.6142322097378277,0.9,0.584,0.23,0.835,0.7345309381237525,0.82,0.5393451,0.59968793,37379328,2653932288,21.624088764190674,101830
71,0.6743092298647855,0.5919789467485752,0.6743092298647855,0.6326625667433374,0.6806967342582951,0.6743092298647855,0.6469384564204924,0.6743092298647855,0.6743092298647855,0.6831312096120142,0.7299656259284591,0.5992897258916137,0.9252873563218391,0.797979797979798,0.5813953488372093,0.5894736842105263,0.7995337995337995,0.4051172707889126,0.805,0.632,0.25,0.56,0.6846307385229541,0.95,0.55712944,0.69426286,37379328,2691311616,21.516785144805908,101830
72,0.691358024691358,0.6182064671363208,0.691358024691358,0.6520463089996708,0.6932432412416486,0.691358024691358,0.6927804391217564,0.691358024691358,0.691358024691358,0.6556334855333247,0.7373455369997376,0.6547181632343957,0.7701612903225806,0.8259668508287292,0.4520547945205479,0.5056179775280899,0.88,0.5,0.955,0.598,0.33,0.675,0.6586826347305389,0.94,0.5517813,0.6081997,37379328,2728690944,23.466367959976196,101830
73,0.7107583774250441,0.6371426564585236,0.7107583774250441,0.6478713007745216,0.7073162349686835,0.7107583774250441,0.6774311377245509,0.7107583774250441,0.7107583774250441,0.7125508904683323,0.7532664982898835,0.5847359029662063,0.9081632653061225,0.7814726840855107,0.7,0.5033557046979866,0.8697788697788698,0.5125348189415042,0.89,0.658,0.14,0.75,0.7065868263473054,0.92,0.49323297,0.6127833,37379328,2766070272,20.319563150405884,101830
74,0.7172251616696061,0.6467495628521468,0.7172251616696061,0.6777907312213917,0.7177635215813211,0.7172251616696061,0.7054145043246839,0.7172251616696061,0.7172251616696061,0.6841910261454792,0.7474653650410656,0.6688105303517784,0.8663594470046083,0.83008356545961,0.515625,0.4880546075085324,0.8403547671840355,0.5646687697160884,0.94,0.596,0.33,0.715,0.7564870259481038,0.895,0.52764565,0.57750976,37379328,2803449600,20.727777004241943,101830
75,0.7289829512051734,0.6586817198909398,0.7289829512051734,0.6787097571650076,0.7269276072783823,0.7289829512051734,0.6995798403193613,0.7289829512051734,0.7289829512051734,0.6895519289624111,0.7464528482715531,0.6564030614085861,0.8385650224215246,0.8057553956834532,0.5263157894736842,0.5911330049261084,0.8410596026490066,0.5344827586206896,0.935,0.672,0.3,0.6,0.7604790419161677,0.93,0.5152617,0.61278445,37379328,2840828928,19.50935173034668,101830
76,0.7054673721340388,0.6308051617900687,0.7054673721340388,0.646317655038403,0.7028773810100911,0.7054673721340388,0.6745864936793081,0.7054673721340388,0.7054673721340388,0.6903653753730312,0.7418345384144335,0.5921510168382894,0.9086294416243654,0.7806122448979592,0.5925925925925926,0.47249190938511326,0.8587962962962963,0.5290697674418605,0.895,0.612,0.16,0.73,0.7405189620758483,0.91,0.5247863,0.62645084,37379328,2878208256,19.824634790420532,101830
77,0.689594356261023,0.6170224197578034,0.689594356261023,0.653272227297944,0.6939905357248224,0.689594356261023,0.6919404524284763,0.689594356261023,0.689594356261023,0.6767446958621338,0.754039373747194,0.646214094303985,0.8604651162790697,0.8480243161094225,0.5178571428571429,0.45722713864306785,0.8900523560209425,0.4868421052631579,0.925,0.558,0.29,0.775,0.6786427145708582,0.925,0.4939952,0.60448116,37379328,2915587584,20.374789237976074,101830
78,0.69782480893592,0.6239165136418949,0.69782480893592,0.6655134226887013,0.7015497017850705,0.69782480893592,0.6935991350632068,0.69782480893592,0.69782480893592,0.6760731789682488,0.7385654216713676,0.662224749338773,0.8737864077669902,0.8070652173913043,0.5303030303030303,0.4533762057877814,0.8502415458937198,0.5416666666666666,0.9,0.594,0.35,0.705,0.7025948103792415,0.91,0.49684942,0.5933228,37379328,2952966912,19.914079427719116,101830
