epoch,accuracy,kappa,f1_micro,f1_macro,f1_weighted,recall_micro,recall_macro,recall_weighted,precision_micro,precision_macro,precision_weighted,gmean,precision_barley,precision_wheat,precision_corn,precision_fodder,precision_fallow,precision_misc.,precision_orchards,precision_cereals,precision_perm._meadows,precision_protein_crops,precision_rapeseed,precision_temp._meadows,precision_vegetables,recall_barley,recall_wheat,recall_corn,recall_fodder,recall_fallow,recall_misc.,recall_orchards,recall_cereals,recall_perm._meadows,recall_protein_crops,recall_rapeseed,recall_temp._meadows,recall_vegetables,trainloss,valloss,FLOPs_per_epoch,cumulative_FLOPs,runtime_per_epoch,Params
0,0.1503646342380272,0.0,0.1503646342380272,0.02010929401296044,0.03930844630756871,0.1503646342380272,0.07692307692307693,0.1503646342380272,0.1503646342380272,0.011566510326002092,0.022609523229535706,0.0,0.1503646342380272,0.0,0.0,0.0,0.0,0.0,0.0,0.0,0.0,0.0,0.0,0.0,0.0,1.0,0.0,0.0,0.0,0.0,0.0,0.0,0.0,0.0,0.0,0.0,0.0,0.0,2.929454,2.2505546,277698304,277698304,161.32658767700195,102285
1,0.17442297571611157,0.028276508417888313,0.17442297571611157,0.04128843004083816,0.08072857597474799,0.17442297571611157,0.0892095682927767,0.17442297571611157,0.17442297571611157,0.026899840083072928,0.052595747798942466,0.0,0.0,0.0,0.0,0.0,0.0,0.18019931383760823,0.0,0.0,0.0,0.0,0.16949860724233984,0.0,0.0,0.0,0.0,0.0,0.0,0.0,0.551224387806097,0.0,0.0,0.0,0.0,0.6085,0.0,0.0,2.1861656,2.2485757,277698304,555396608,154.7862033843994,102285
2,0.3099766934816931,0.18783224433628842,0.3099766934816931,0.121466923500533,0.23745686766935933,0.3099766934816931,0.15855839387998308,0.3099766934816931,0.3099766934816931,0.13113083390281222,0.25634109565984137,0.0,0.3416149068322981,0.0,0.34682909351486924,0.0,0.0,0.19123189843285063,0.0,0.0,0.3943866440842003,0.0,0.4306382978723404,0.0,0.0,0.0275,0.0,0.484,0.0,0.0,0.4817591204397801,0.0,0.0,0.815,0.0,0.253,0.0,0.0,2.1889095,2.0012789,277698304,833094912,155.31722450256348,102285
3,0.4911660777385159,0.40509745301812805,0.4911660777385159,0.23989031318336684,0.44519480546287055,0.4911660777385159,0.26078587629262295,0.4911660777385159,0.4911660777385159,0.23844629734963887,0.4260132417384545,0.0,0.4829482948294829,0.0,0.4901390236016812,0.0,0.2265625,0.41483918128654973,0.0,0.3070539419087137,0.5402731983042864,0.0,0.6379857256145915,0.0,0.0,0.439,0.0,0.758,0.0,0.174,0.567216391804098,0.0,0.074,0.5735,0.0,0.8045,0.0,0.0,1.9825443,1.5944153,277698304,1110793216,152.1838722229004,102285
4,0.4745507856552139,0.38511894093396193,0.4745507856552139,0.22547701736989562,0.42121299967579745,0.4745507856552139,0.25166382193518627,0.4745507856552139,0.4745507856552139,0.2736311037477885,0.4815135885476827,0.0,0.7326315789473684,0.0,0.45523759516933576,0.0,0.058823529411764705,0.31069182389937106,0.0,0.2762836185819071,0.5601503759398496,0.25,0.9133858267716536,0.0,0.0,0.174,0.0,0.867,0.0,0.003,0.7406296851574213,0.0,0.226,0.447,0.002,0.812,0.0,0.0,1.5271226,1.5199466,277698304,1388491520,161.02742528915405,102285
5,0.5763476430343584,0.5068205714993799,0.5763476430343584,0.29930973011891776,0.5336361937794428,0.5763476430343584,0.3166737592742091,0.5763476430343584,0.5763476430343584,0.31441804912924953,0.5246050153455518,0.0,0.6528095020557332,0.0,0.5364902506963788,0.0,0.24461343472750316,0.4793840039741679,0.0,0.3904639175257732,0.5862516212710766,0.375,0.8224219084296106,0.0,0.0,0.7145,0.0,0.963,0.0,0.193,0.48225887056471767,0.0,0.303,0.452,0.048,0.961,0.0,0.0,1.4641268,1.3104821,277698304,1666189824,157.7629520893097,102285
6,0.6213818509886475,0.5618956944766216,0.6213818509886475,0.34096801549324646,0.595152561690238,0.6213818509886475,0.3542085880136855,0.6213818509886475,0.6213818509886475,0.3353446163065508,0.5776095421146178,0.0,0.7780360255665311,0.0,0.7847724372607401,0.0,0.2814569536423841,0.48507776376628836,0.0,0.3910060975609756,0.5718460789089138,0.24279835390946503,0.824486301369863,0.0,0.0,0.6695,0.0,0.9225,0.0,0.255,0.5767116441779111,0.0,0.513,0.587,0.118,0.963,0.0,0.0,1.2960633,1.1674364,277698304,1943888128,161.88181591033936,102285
7,0.6434854522216374,0.5884027019555638,0.6434854522216374,0.3652340855864834,0.6189838717561067,0.6434854522216374,0.37671360473609344,0.6434854522216374,0.6434854522216374,0.3965095288147117,0.6099744961126627,0.0,0.7516309412861137,0.0,0.7592295345104334,0.25,0.27692307692307694,0.6021577882670263,0.0,0.4552238805970149,0.5507246376811594,0.35962145110410093,0.899112564222326,0.0,0.25,0.8065,0.0,0.946,0.005,0.378,0.44627686156921537,0.0,0.488,0.627,0.228,0.9625,0.0,0.01,1.1750175,1.0798365,277698304,2221586432,163.22696185112,102285
8,0.6513795955191339,0.596991456550976,0.6513795955191339,0.36850510490893584,0.6234196408134726,0.6513795955191339,0.38028981663014644,0.6513795955191339,0.6513795955191339,0.40503622555760305,0.6174391296328915,0.0,0.7763157894736842,0.0,0.8276315789473684,0.3333333333333333,0.31204644412191584,0.6066536203522505,0.0,0.38515228426395937,0.5294964028776978,0.33574007220216606,0.8863741339491917,0.0,0.2727272727272727,0.767,0.0,0.9435,0.005,0.215,0.46476761619190404,0.0,0.607,0.736,0.186,0.9595,0.0,0.06,1.1425004,1.0737499,277698304,2499284736,163.96757531166077,102285
9,0.6605518382076535,0.6082309231212646,0.6605518382076535,0.38913656335629443,0.6444089354529284,0.6605518382076535,0.39443849229231537,0.6605518382076535,0.6605518382076535,0.4308148526217432,0.6398458282981978,0.0,0.8346927678085916,0.0,0.8132815868909012,0.3333333333333333,0.28582866293034426,0.5254163014899211,0.0,0.4775993237531699,0.5728245695672406,0.4327485380116959,0.967725143154607,0.0,0.35714285714285715,0.7675,0.0,0.943,0.005,0.357,0.5992003998001,0.0,0.565,0.6155,0.296,0.9295,0.0,0.05,0.9918115,1.0427468,277698304,2776983040,151.71011424064636,102285
10,0.6561912638147508,0.6060336776568975,0.6561912638147508,0.4050891928081585,0.6482883080478883,0.6561912638147508,0.41840375965863225,0.6561912638147508,0.6561912638147508,0.419303978312331,0.6591058285451521,0.0,0.9074074074074074,0.0,0.905116741182315,0.2,0.2964705882352941,0.5805892547660312,0.0,0.38809034907597534,0.5687140963323023,0.41723356009070295,0.9424317617866005,0.0,0.24489795918367346,0.686,0.0,0.911,0.005,0.378,0.5022488755622189,0.0,0.756,0.6435,0.368,0.9495,0.0,0.24,1.033736,1.0376709,277698304,3054681344,153.33925414085388,102285
11,0.6748364784602662,0.6261773415615681,0.6748364784602662,0.4359560012302802,0.6608837188875458,0.6748364784602662,0.43763283742744014,0.6748364784602662,0.6748364784602662,0.47192531473807176,0.6600809515238742,0.0,0.853672004417449,0.5454545454545454,0.8654462242562929,0.2222222222222222,0.3473684210526316,0.5780010576414596,0.0,0.40718232044198893,0.5856741573033708,0.45685279187817257,0.9496259351620948,0.0,0.3235294117647059,0.773,0.18,0.9455,0.02,0.33,0.5462268865567217,0.0,0.737,0.6255,0.36,0.952,0.0,0.22,0.968679,0.99591,277698304,3332379648,157.6759159564972,102285
12,0.663183219306819,0.6145252804637852,0.663183219306819,0.4398582786288171,0.6527536720069909,0.663183219306819,0.4449072963518241,0.663183219306819,0.663183219306819,0.48087807405214195,0.6654774805269214,0.0,0.8056779246206559,0.5862068965517241,0.878309335810497,0.40384615384615385,0.2992125984251969,0.6637025060630558,0.0,0.3815368196371398,0.589873417721519,0.4556354916067146,0.9521197007481297,0.0,0.23529411764705882,0.823,0.17,0.9455,0.105,0.418,0.4102948525737131,0.0,0.715,0.5825,0.38,0.9545,0.0,0.28,0.92397946,1.0279977,277698304,3610077952,157.93131589889526,102285
13,0.6543117058867755,0.605608057817533,0.6543117058867755,0.4324810397016613,0.6521942096661186,0.6543117058867755,0.4415178564563872,0.6543117058867755,0.6543117058867755,0.48912534722147105,0.680541505881783,0.0,0.9430091185410334,0.5714285714285714,0.8990956687291766,0.4117647058823529,0.2722048066875653,0.590633608815427,0.0,0.42337052260716385,0.6241691842900302,0.43661971830985913,0.9291907514450867,0.0,0.2571428571428571,0.6205,0.08,0.9445,0.07,0.521,0.5357321339330335,0.0,0.721,0.5165,0.496,0.9645,0.0,0.27,1.0151842,1.0216088,277698304,3887776256,166.79578828811646,102285
14,0.6780693180963837,0.63213899285732,0.6780693180963837,0.4629151374754426,0.6754982614787203,0.6780693180963837,0.472903605889363,0.6780693180963837,0.6780693180963837,0.5023233740308914,0.6899496340057589,0.0,0.9051570835803201,0.6,0.9148311306901615,0.41935483870967744,0.2845659163987138,0.6245376078914919,0.0,0.5095846645367412,0.6063720452209661,0.42836041358936483,0.9466600199401795,0.0,0.2907801418439716,0.7635,0.18,0.9345,0.065,0.531,0.5062468765617192,0.0,0.638,0.59,0.58,0.9495,0.0,0.41,0.8891928,1.0068456,277698304,4165474560,166.5408172607422,102285
15,0.6911510412750921,0.645790777895989,0.6911510412750921,0.4672690248030422,0.6841119871221659,0.6911510412750921,0.4709778956675509,0.6911510412750921,0.6911510412750921,0.5086080028880792,0.6883029890086448,0.0,0.8659247482776895,0.5384615384615384,0.9011461318051576,0.5,0.3032178217821782,0.5882352941176471,0.0,0.5675182481751825,0.6138975966562173,0.4483870967741935,0.9678078691875319,0.0,0.3173076923076923,0.817,0.21,0.9435,0.045,0.49,0.5747126436781609,0.0,0.622,0.5875,0.556,0.947,0.0,0.33,0.9694294,0.95749766,277698304,4443172864,167.13891291618347,102285
16,0.6490489436884445,0.5987261571317598,0.6490489436884445,0.45824349598487985,0.6415717020242679,0.6490489436884445,0.4780494752623688,0.6490489436884445,0.6490489436884445,0.4859013910632429,0.6782558976743955,0.0,0.952303961196443,0.5510204081632653,0.8807001381851681,0.24705882352941178,0.38083228247162676,0.46288492706645057,0.1111111111111111,0.4133099824868651,0.6817785527462947,0.4,0.9585439838220424,0.0,0.27717391304347827,0.589,0.27,0.956,0.21,0.302,0.7136431784107946,0.005,0.708,0.391,0.612,0.948,0.0,0.51,0.92205715,1.023171,277698304,4720871168,167.49990916252136,102285
17,0.6810014284640252,0.6346939262827855,0.6810014284640252,0.43982530622306676,0.6747846282391251,0.6810014284640252,0.44955501095606043,0.6810014284640252,0.6810014284640252,0.5159885202960817,0.6933150638070624,0.0,0.9286199864038069,0.7142857142857143,0.912066438690767,0.45454545454545453,0.31636863823933975,0.6063829787234043,0.0,0.44405997693194926,0.5921919096895578,0.512720156555773,0.9688775510204082,0.0,0.25773195876288657,0.683,0.05,0.9335,0.025,0.46,0.5697151424287856,0.0,0.77,0.6295,0.524,0.9495,0.0,0.25,0.95470643,0.96802455,277698304,4998569472,170.29884004592896,102285
18,0.6944590632283287,0.6489402297341322,0.6944590632283287,0.45897457427200467,0.6793696362191043,0.6944590632283287,0.4780596816976128,0.6944590632283287,0.6944590632283287,0.5035901295306764,0.6920596802644853,0.0,0.8968299711815562,0.4444444444444444,0.8762557077625571,0.5135135135135135,0.3525423728813559,0.6795454545454546,0.0,0.478539397821909,0.5402535114765331,0.5413043478260869,0.9723218862121988,0.0,0.25112107623318386,0.778,0.08,0.9595,0.095,0.312,0.4482758620689655,0.0,0.747,0.7885,0.498,0.9485,0.0,0.56,0.956475,0.94168186,277698304,5276267776,173.87940621376038,102285
19,0.6849109089542139,0.6377177911440666,0.6849109089542139,0.46046730666244345,0.6712119403272381,0.6849109089542139,0.47043828085957023,0.6849109089542139,0.6849109089542139,0.507532082204246,0.6883684874287382,0.0,0.9320113314447592,0.5666666666666667,0.9036544850498339,0.37349397590361444,0.4074675324675325,0.5905319668130795,0.0,0.40109072880515617,0.5796049979846836,0.6371308016877637,0.9287776708373436,0.0,0.2774869109947644,0.658,0.17,0.952,0.155,0.251,0.6046976511744128,0.0,0.809,0.719,0.302,0.965,0.0,0.53,0.91598797,0.92908007,277698304,5553966080,162.43578505516052,102285
20,0.6973911735959702,0.6535061835718483,0.6973911735959702,0.46978673372000207,0.6905100773640753,0.6973911735959702,0.4929024141775266,0.6973911735959702,0.6973911735959702,0.5244321070906826,0.701705271957293,0.0,0.8991404011461318,0.6666666666666666,0.9217134416543574,0.4142857142857143,0.3311160384331116,0.6406436233611442,0.0,0.45681953543776055,0.6065032987747409,0.6259351620947631,0.9583333333333334,0.0,0.29646017699115046,0.7845,0.02,0.936,0.145,0.448,0.5372313843078461,0.0,0.767,0.6435,0.502,0.9545,0.0,0.67,0.91028446,0.9329205,277698304,5831664384,173.5195951461792,102285
21,0.6881437485903316,0.6432327030250524,0.6881437485903316,0.4669429590775844,0.6848825487397919,0.6881437485903316,0.4750922038980509,0.6881437485903316,0.6881437485903316,0.5533968728269953,0.7093154846112497,0.0,0.936717205009888,0.8333333333333334,0.9474226804123711,0.5526315789473685,0.31514408338442673,0.5894428152492669,0.0,0.4480483782297966,0.6331491712707182,0.6147540983606558,0.9598796389167502,0.0,0.36363636363636365,0.7105,0.05,0.919,0.105,0.514,0.6026986506746627,0.0,0.815,0.573,0.45,0.957,0.0,0.48,0.8490749,0.94764507,277698304,6109362688,165.8901071548462,102285
22,0.6809262461469062,0.6356730282633385,0.6809262461469062,0.4922452988825158,0.6792775134219455,0.6809262461469062,0.49928464613846923,0.6809262461469062,0.6809262461469062,0.6009981851462028,0.7155134889095037,0.0,0.9098856758574311,0.625,0.9106198942815954,0.463768115942029,0.3126142595978062,0.6022099447513812,1.0,0.42548596112311016,0.654351909830933,0.6024096385542169,0.9668874172185431,0.0,0.33974358974358976,0.6765,0.3,0.9475,0.16,0.513,0.5992003998001,0.005,0.788,0.5225,0.5,0.949,0.0,0.53,0.8447819,0.94235706,277698304,6387060992,158.96915817260742,102285
23,0.6893466656642357,0.644049752242912,0.6893466656642357,0.4746778734516343,0.683738591029472,0.6893466656642357,0.48951414677276756,0.6893466656642357,0.6893466656642357,0.5075150374091305,0.6951878611234024,0.0,0.9430379746835443,0.5,0.8973995271867612,0.3,0.3426818580192813,0.5875522526706921,0.125,0.4633838383838384,0.6056065732237796,0.576837416481069,0.9598997493734336,0.0,0.2962962962962963,0.6705,0.08,0.949,0.24,0.391,0.632183908045977,0.005,0.734,0.6265,0.518,0.9575,0.0,0.56,0.8887246,0.92708117,277698304,6664759296,157.30516481399536,102285
24,0.6787459589504549,0.6328301486158976,0.6787459589504549,0.469748650731031,0.6744835391309879,0.6787459589504549,0.4855928574174451,0.6787459589504549,0.6787459589504549,0.5143662179277255,0.6946211122208925,0.0,0.9159891598915989,0.6666666666666666,0.9043728976453628,0.39759036144578314,0.3440256615878107,0.5833748133399701,0.0,0.39661016949152544,0.6580035440047254,0.6016260162601627,0.9503197245450073,0.0,0.2681818181818182,0.676,0.14,0.941,0.165,0.429,0.5857071464267866,0.0,0.819,0.557,0.444,0.966,0.0,0.59,0.8196298,0.9658859,277698304,6942457600,156.60083484649658,102285
25,0.6730321028494098,0.6269863711758454,0.6730321028494098,0.4874248559304002,0.6709152660378382,0.6730321028494098,0.5015543766578249,0.6730321028494098,0.6730321028494098,0.5092568614138915,0.6961180902834679,0.0,0.960291734197731,0.5098039215686274,0.873746581586144,0.3524590163934426,0.32581818181818184,0.6090342679127726,0.09090909090909091,0.4087136929460581,0.6293199554069119,0.5338345864661654,0.96838347781744,0.0,0.35802469135802467,0.5925,0.26,0.9585,0.215,0.448,0.5862068965517241,0.01,0.788,0.5645,0.568,0.9495,0.0,0.58,0.87321943,0.9441751,277698304,7220155904,158.7603931427002,102285
26,0.7042327644538005,0.6608926584206795,0.7042327644538005,0.4970940716381538,0.6987387712161278,0.7042327644538005,0.5091701072540653,0.7042327644538005,0.7042327644538005,0.5160829717563965,0.7030526042969784,0.0,0.910850439882698,0.5789473684210527,0.924620655898189,0.3508771929824561,0.3499577345731192,0.6133828996282528,0.0,0.4943067649028801,0.5916299559471365,0.635036496350365,0.9757481940144479,0.0,0.2837209302325581,0.7765,0.22,0.9445,0.2,0.414,0.5772113943028486,0.0,0.738,0.6715,0.522,0.9455,0.0,0.61,0.81130654,0.89641756,277698304,7497854208,185.69370985031128,102285
27,0.7064882339673709,0.6640065822924376,0.7064882339673709,0.49574548172354427,0.7015223112419229,0.7064882339673709,0.5218636066582094,0.7064882339673709,0.7064882339673709,0.5379167355996282,0.7124925052987193,0.0,0.9284848484848485,0.5714285714285714,0.9209233791748527,0.4049586776859504,0.35822147651006714,0.6350958744915747,0.2727272727272727,0.5181753385602281,0.5939625850340136,0.5684410646387833,0.970498474059003,0.0,0.25,0.766,0.12,0.9375,0.245,0.427,0.5462268865567217,0.015,0.727,0.6985,0.598,0.954,0.0,0.75,0.79678285,0.9093213,277698304,7775552512,226.32942843437195,102285
28,0.7024283888429441,0.659291139601615,0.7024283888429441,0.5003790900923608,0.6971869063947912,0.7024283888429441,0.5050170107254066,0.7024283888429441,0.7024283888429441,0.5885539362721773,0.7169481045935314,0.0,0.8791455874086566,0.6052631578947368,0.9314115308151093,0.5294117647058824,0.3286810886252617,0.633011911514464,0.6666666666666666,0.455659276546091,0.6328794755421079,0.6339066339066339,0.9716024340770791,0.0,0.3835616438356164,0.782,0.23,0.937,0.135,0.471,0.5577211394302849,0.01,0.781,0.6275,0.516,0.958,0.0,0.56,0.83044356,0.8950059,277698304,8053250816,224.95551347732544,102285
29,0.6970904443274941,0.6520645964074342,0.6970904443274941,0.49559863256299,0.6881015387112163,0.6970904443274941,0.4943668550340214,0.6970904443274941,0.6970904443274941,0.5410024612536423,0.7048732790188487,0.0,0.8902929350947731,0.6170212765957447,0.9269856931425753,0.5531914893617021,0.2980849292256453,0.6910994764397905,0.0,0.4937458854509546,0.5353159851301115,0.633245382585752,0.9827586206896551,0.0,0.4112903225806452,0.775,0.29,0.9395,0.13,0.358,0.4617691154422789,0.0,0.75,0.792,0.48,0.9405,0.0,0.51,0.81926596,0.89072764,277698304,8330949120,174.68639850616455,102285
30,0.6918276821291632,0.6469710181698738,0.6918276821291632,0.4997974072227431,0.6844214600679147,0.6918276821291632,0.5210912428401184,0.6918276821291632,0.6918276821291632,0.5531043630927648,0.7034592244071636,0.0,0.910988336402701,0.38181818181818183,0.8651685393258427,0.47126436781609193,0.407119021134594,0.5402150537634408,0.6,0.4279523293607801,0.6666666666666666,0.6529562982005142,0.9734151329243353,0.0,0.2927927927927928,0.742,0.42,0.9625,0.205,0.366,0.6276861569215393,0.015,0.79,0.536,0.508,0.952,0.0,0.65,0.8170967,0.93812644,277698304,8608647424,161.2599639892578,102285
31,0.7135553717765581,0.6703351132866662,0.7135553717765583,0.4980806769565307,0.7018942923262186,0.7135553717765581,0.5077048206665898,0.7135553717765581,0.7135553717765581,0.5881635434897107,0.7132552353907234,0.0,0.8832318760376314,0.5641025641025641,0.8994857410004675,0.5555555555555556,0.39976553341148885,0.5610972568578554,0.6666666666666666,0.5164681149264191,0.6148681055155876,0.6911392405063291,0.9879201680672269,0.0,0.3058252427184466,0.798,0.22,0.962,0.1,0.341,0.6746626686656672,0.01,0.737,0.641,0.546,0.9405,0.0,0.63,0.78499573,0.8824741,277698304,8886345728,154.77499508857727,102285
32,0.6913765882264491,0.6465649105090261,0.6913765882264491,0.5081209139330498,0.6858598747702577,0.6913765882264491,0.5269738976665513,0.6913765882264491,0.6913765882264491,0.5210288672165011,0.7002469943550831,0.0,0.9478324761204996,0.43661971830985913,0.8669354838709677,0.4028776978417266,0.41502463054187194,0.5482438433589019,0.22580645161290322,0.45564773452456925,0.6423160173160173,0.5449915110356537,0.9797402597402597,0.0,0.3073394495412844,0.645,0.31,0.9675,0.28,0.337,0.6786606696651675,0.07,0.714,0.5935,0.642,0.943,0.0,0.67,0.8168738,0.92702997,277698304,9164044032,156.36471319198608,102285
33,0.6937072400571386,0.6485672016265962,0.6937072400571386,0.5014790517391854,0.6882266948525977,0.6937072400571386,0.5186292430707723,0.6937072400571386,0.6937072400571386,0.5616443156163755,0.7103716125307626,0.0,0.9282160625444208,0.3641304347826087,0.9113863744640305,0.5882352941176471,0.35944299390774587,0.5871559633027523,0.4,0.4351334574798262,0.6023570493234396,0.7138263665594855,0.9805977975878343,0.0,0.43089430894308944,0.653,0.67,0.9565,0.1,0.413,0.63968015992004,0.01,0.701,0.69,0.444,0.935,0.0,0.53,0.8548394,0.9251563,277698304,9441742336,160.42778968811035,102285
34,0.6777685888279077,0.6320494536974036,0.6777685888279077,0.5068264136864339,0.6738887102721595,0.6777685888279077,0.5272813977626571,0.6777685888279077,0.6777685888279077,0.5557700191663385,0.7100920231707548,0.3204618823433106,0.9671111111111111,0.5588235294117647,0.8994387277829747,0.4117647058823529,0.4043956043956044,0.5465441470235717,0.20689655172413793,0.4008200922603793,0.6544161232957914,0.5235109717868338,0.9812206572769953,0.3333333333333333,0.336734693877551,0.544,0.38,0.9615,0.28,0.368,0.6836581709145427,0.03,0.782,0.552,0.668,0.9405,0.005,0.66,0.8266489,0.9536667,277698304,9719440640,157.11767101287842,102285
35,0.7051349522592286,0.66202642125389,0.7051349522592286,0.5243154653022944,0.702003256494106,0.7051349522592286,0.5319019336485604,0.7051349522592286,0.7051349522592286,0.5436688557493331,0.7140494717145335,0.0,0.9412144702842378,0.49473684210526314,0.9155470249520153,0.4819277108433735,0.31701444622792935,0.642148277875073,0.2,0.5281155015197568,0.5686050931204865,0.6233009708737864,0.9914484233030465,0.0,0.36363636363636365,0.7285,0.47,0.954,0.2,0.395,0.5497251374312844,0.045,0.695,0.748,0.642,0.9275,0.0,0.56,0.8191076,0.8908981,277698304,9997138944,158.01105904579163,102285
36,0.6935568754229006,0.6484059435465569,0.6935568754229006,0.5082365169818271,0.6845392696640833,0.6935568754229006,0.5312415330796141,0.6935568754229006,0.6935568754229006,0.5467788193312839,0.7084825843986334,0.3286073536898721,0.9544436146377894,0.5428571428571428,0.9145584725536993,0.29017857142857145,0.4557522123893805,0.5261044176706827,0.2222222222222222,0.45264452644526443,0.6254381572358538,0.6111111111111112,0.9657430730478589,0.25,0.29707112970711297,0.639,0.38,0.958,0.325,0.206,0.7201399300349826,0.05,0.736,0.6245,0.594,0.9585,0.005,0.71,0.7834906,0.92098904,277698304,10274837248,157.28936982154846,102285
37,0.701751747988873,0.6590668511646904,0.701751747988873,0.5084595089746181,0.6970602103275574,0.701751747988873,0.5185928766386039,0.701751747988873,0.701751747988873,0.5258168383243544,0.7078789913484347,0.0,0.8973134328358209,0.5357142857142857,0.9168278529980658,0.43209876543209874,0.3718801996672213,0.618594823032224,0.0,0.4193054136874362,0.6548821548821548,0.6027131782945736,0.9834110938310006,0.0,0.4028776978417266,0.7515,0.3,0.948,0.175,0.447,0.585207396301849,0.0,0.821,0.5835,0.622,0.9485,0.0,0.56,0.7715533,0.9180654,277698304,10552535552,161.19068002700806,102285
38,0.7094203443350124,0.6664270458262707,0.7094203443350124,0.522286956979817,0.701369641986566,0.7094203443350124,0.5257867412447623,0.7094203443350124,0.7094203443350124,0.5953397414576076,0.7195180853773878,0.31315895496044116,0.9464402351404311,0.6590909090909091,0.88909426987061,0.4392523364485981,0.35684647302904565,0.6438275251033668,0.4,0.5136459062281316,0.5577342047930284,0.6087751371115173,0.9900157645822386,0.3333333333333333,0.4013605442176871,0.7245,0.29,0.962,0.235,0.344,0.544727636181909,0.03,0.734,0.768,0.666,0.942,0.005,0.59,0.8081695,0.8746048,277698304,10830233856,162.115948677063,102285
39,0.7088188857980603,0.6648119054911288,0.7088188857980603,0.5172958808080764,0.6987667548907196,0.7088188857980603,0.5209815669088533,0.7088188857980603,0.7088188857980603,0.5651463795435,0.7142922204062286,0.0,0.9157716223855286,0.5180722891566265,0.9076704545454546,0.45794392523364486,0.31020812685827553,0.6604683195592287,0.4,0.5704697986577181,0.5218492716909436,0.7522658610271903,0.9869451697127938,0.0,0.34523809523809523,0.81,0.43,0.9585,0.245,0.313,0.47926036981509246,0.01,0.68,0.824,0.498,0.945,0.0,0.58,0.7700131,0.8586028,277698304,11107932160,163.66159915924072,102285
40,0.701526201037516,0.6592318924385137,0.701526201037516,0.5321989280201201,0.7008935591544038,0.701526201037516,0.5545567024180218,0.701526201037516,0.701526201037516,0.5357160599073052,0.7158288911258769,0.0,0.9556616643929059,0.4411764705882353,0.8789664551223935,0.39759036144578314,0.3494060097833683,0.6418547895057962,0.24096385542168675,0.49407665505226483,0.6147695202257761,0.6645435244161358,0.9799897383273474,0.0,0.3053097345132743,0.7005,0.45,0.9695,0.33,0.5,0.5257371314342829,0.1,0.709,0.6535,0.626,0.955,0.0,0.69,0.88543814,0.89710426,277698304,11385630464,165.34562397003174,102285
41,0.7106984437260356,0.6691392818615705,0.7106984437260357,0.5308503734067472,0.7055480982863511,0.7106984437260356,0.5450552416099643,0.7106984437260356,0.7106984437260356,0.5719768476050491,0.7180448104937398,0.39701379511050733,0.9392194497760716,0.6944444444444444,0.8634341637010676,0.2767527675276753,0.3977035490605428,0.641273450824332,0.37209302325581395,0.5022801302931597,0.6225716928769658,0.5563025210084034,0.9804022692109334,0.2,0.38922155688622756,0.734,0.25,0.9705,0.375,0.381,0.5637181409295352,0.08,0.771,0.673,0.662,0.9505,0.025,0.65,0.8243545,0.90582556,277698304,11663328768,158.75922441482544,102285
42,0.7104728967746786,0.6685113560768138,0.7104728967746786,0.5308767200177797,0.7062100985975523,0.7104728967746786,0.5365172990427863,0.7104728967746786,0.7104728967746786,0.559389543179857,0.7185727284791698,0.0,0.9269377382465057,0.45454545454545453,0.8995796356842597,0.4731182795698925,0.37320977253580456,0.6419825072886297,0.37777777777777777,0.46338535414165666,0.6080602302922941,0.6940639269406392,0.9835644581407293,0.0,0.37583892617449666,0.7295,0.4,0.963,0.22,0.443,0.5502248875562219,0.085,0.772,0.6865,0.608,0.9575,0.0,0.56,0.8282136,0.9010525,277698304,11941027072,160.24908781051636,102285
43,0.7134801894594391,0.6725942394952457,0.7134801894594393,0.5280516503897988,0.7127607661852746,0.7134801894594391,0.5587492215430745,0.7134801894594391,0.7134801894594391,0.5533110918808708,0.7248099639463816,0.39349270712923246,0.9167597765363128,0.5961538461538461,0.9076190476190477,0.3425414364640884,0.3583138173302108,0.656782334384858,0.26153846153846155,0.6414507772020726,0.5969058874086807,0.5605095541401274,0.985378590078329,0.15789473684210525,0.21119592875318066,0.8205,0.31,0.953,0.31,0.459,0.52023988005997,0.085,0.619,0.6945,0.704,0.9435,0.015,0.83,0.75454795,0.86700726,277698304,12218725376,161.9209988117218,102285
44,0.7104728967746786,0.6683970645425772,0.7104728967746786,0.5232120118817712,0.7034317716069247,0.7104728967746786,0.5331338177065313,0.7104728967746786,0.7104728967746786,0.5769310403230173,0.7213300665509688,0.0,0.9142857142857143,0.6119402985074627,0.9188280499519692,0.5869565217391305,0.3748987854251012,0.6624284806102988,0.2857142857142857,0.45295404814004375,0.6009594417793284,0.7321937321937322,0.96588058203713,0.0,0.3930635838150289,0.752,0.41,0.9565,0.135,0.463,0.5207396301849075,0.02,0.828,0.689,0.514,0.9625,0.0,0.68,0.77796537,0.8808428,277698304,12496423680,154.01578497886658,102285
45,0.6978422674986843,0.6554503323342327,0.6978422674986843,0.5059325295743478,0.6958689410400357,0.6978422674986843,0.5202906623611271,0.6978422674986843,0.6978422674986843,0.558156504821516,0.7232281787548313,0.0,0.9185228604923799,0.6206896551724138,0.9390913629555666,0.5333333333333333,0.305594734367654,0.6970889063729347,0.19230769230769232,0.5237757274662882,0.6216356107660456,0.6445916114790287,0.9376208897485493,0.0,0.3217821782178218,0.7835,0.18,0.9405,0.2,0.65,0.4427786106946527,0.025,0.738,0.6005,0.584,0.9695,0.0,0.65,0.801653,0.8883099,277698304,12774121984,152.11598348617554,102285
46,0.701601383354635,0.6579436125529079,0.701601383354635,0.5101830744557662,0.6951724754867882,0.701601383354635,0.5321261869065468,0.701601383354635,0.701601383354635,0.5409407291012479,0.7136725275378517,0.0,0.9485294117647058,0.49295774647887325,0.9143950263032042,0.34328358208955223,0.4403444034440344,0.5446631339894019,0.3333333333333333,0.4607361963190184,0.6471861471861472,0.6449579831932774,0.9726858877086495,0.0,0.2891566265060241,0.645,0.35,0.956,0.23,0.358,0.7191404297851074,0.015,0.751,0.598,0.614,0.9615,0.0,0.72,0.7779305,0.888226,277698304,13051820288,158.54857301712036,102285
47,0.7195699571460793,0.678192027267058,0.7195699571460793,0.5354353584764256,0.7120402311571231,0.7195699571460793,0.5493276630915311,0.7195699571460793,0.7195699571460793,0.5746484656422814,0.7252849383909976,0.0,0.9132138857782754,0.4594594594594595,0.917821309125657,0.5487804878048781,0.35776892430278884,0.6589041095890411,0.4166666666666667,0.5666666666666667,0.5628654970760234,0.7281795511221946,0.9890396659707724,0.0,0.35106382978723405,0.8155,0.51,0.9605,0.225,0.449,0.48075962018990503,0.025,0.714,0.77,0.584,0.9475,0.0,0.66,0.85020906,0.83647996,277698304,13329518592,156.7620780467987,102285
48,0.7139312833621532,0.6711306293823276,0.7139312833621531,0.5142602108556434,0.7037051453850377,0.7139312833621532,0.5442042055895129,0.7139312833621532,0.7139312833621532,0.5312347157579813,0.7078109958183905,0.0,0.91976401179941,0.3378995433789954,0.91189009947892,0.6,0.42538190364277323,0.5563607085346216,0.0,0.4992721979621543,0.63248730964467,0.7147147147147147,0.9507389162561576,0.0,0.3575418994413408,0.7795,0.74,0.9625,0.15,0.362,0.6906546726636682,0.0,0.686,0.623,0.476,0.965,0.0,0.64,0.805216,0.85062945,277698304,13607216896,153.98934316635132,102285
49,0.7085181565295843,0.6669676797633455,0.7085181565295843,0.5354616529417737,0.7071572531002593,0.7085181565295843,0.5460147810710029,0.7085181565295843,0.7085181565295843,0.5650208439837122,0.7239335677234287,0.0,0.9478319783197832,0.6029411764705882,0.9196729196729196,0.5306122448979592,0.35797101449275365,0.6039215686274509,0.3157894736842105,0.48031980319803197,0.6566757493188011,0.6165413533834586,0.9814719505918682,0.0,0.33152173913043476,0.6995,0.41,0.956,0.26,0.494,0.6156921539230384,0.06,0.781,0.6025,0.656,0.9535,0.0,0.61,0.81809723,0.87646234,277698304,13884915200,155.51567578315735,102285
50,0.6926546876174724,0.6489608355263992,0.6926546876174724,0.5079624381820949,0.6912818247770648,0.6926546876174724,0.5277835313112674,0.6926546876174724,0.6926546876174724,0.5562508087576977,0.7200028027506739,0.0,0.9490774907749078,0.44036697247706424,0.9072753209700428,0.6764705882352942,0.3331257783312578,0.5948887837198297,0.2,0.447856315179606,0.6607449856733524,0.689156626506024,0.9863517060367454,0.0,0.34594594594594597,0.643,0.48,0.954,0.115,0.535,0.6281859070464768,0.005,0.773,0.5765,0.572,0.9395,0.0,0.64,0.7917079,0.89703035,277698304,14162613504,164.0314462184906,102285
51,0.7146831065333433,0.673893729528031,0.7146831065333433,0.5479927513603754,0.7131181019056639,0.7146831065333433,0.557479433360243,0.7146831065333433,0.7146831065333433,0.5790658330684731,0.7309069393494075,0.0,0.9522251308900523,0.6219512195121951,0.9231141199226306,0.5280898876404494,0.35046113306982873,0.6560392397302268,0.35,0.49385908209437623,0.6239238785681921,0.665943600867679,0.9785276073619632,0.0,0.38372093023255816,0.7275,0.51,0.9545,0.235,0.532,0.5347326336831584,0.07,0.764,0.6885,0.614,0.957,0.0,0.66,0.84991324,0.8513049,277698304,14440311808,154.98889183998108,102285
52,0.712803548605368,0.671745944027543,0.712803548605368,0.5342125492466621,0.7096740180275107,0.712803548605368,0.5479379925421904,0.712803548605368,0.712803548605368,0.5783058879595486,0.7261302414274824,0.3760515879934233,0.929968454258675,0.5352112676056338,0.9133745835316516,0.5060240963855421,0.39609375,0.6106679960119641,0.375,0.46938775510204084,0.6631165919282511,0.6175908221797323,0.9739397036280021,0.1875,0.3401015228426396,0.737,0.38,0.9595,0.21,0.507,0.6121939030484758,0.06,0.782,0.5915,0.646,0.953,0.015,0.67,0.77560407,0.87255144,277698304,14718010112,159.8369026184082,102285
53,0.6983685437185174,0.6546075493109658,0.6983685437185174,0.5296104578021474,0.6902315200761554,0.6983685437185174,0.558515876677046,0.6983685437185174,0.6983685437185174,0.5585554673652865,0.7177259944952731,0.3732843298841187,0.9700162074554295,0.4132231404958678,0.9028491359177955,0.39790575916230364,0.44022770398481975,0.6470264317180616,0.25688073394495414,0.44430616054760425,0.5593098490294752,0.5611390284757118,0.9736174530695079,0.3333333333333333,0.3613861386138614,0.5985,0.5,0.9665,0.38,0.232,0.5872063968015993,0.14,0.714,0.778,0.67,0.9595,0.005,0.73,0.77829486,0.89040047,277698304,14995708416,155.74008345603943,102285
54,0.7198706864145553,0.6787723859498027,0.7198706864145552,0.5271344390600088,0.7149763721878145,0.7198706864145553,0.542669569061623,0.7198706864145553,0.7198706864145553,0.5745092052725015,0.7276933756982592,0.0,0.9200926462072959,0.35570469798657717,0.9115549215406562,0.5454545454545454,0.36531365313653136,0.6387688984881209,0.5,0.5200594353640416,0.6150776053215078,0.7485714285714286,0.9833159541188738,0.0,0.36470588235294116,0.7945,0.53,0.9585,0.18,0.495,0.5912043978010995,0.025,0.7,0.6935,0.524,0.943,0.0,0.62,0.8538212,0.8483087,277698304,15273406720,158.74974131584167,102285
55,0.7134801894594391,0.6723679876626039,0.7134801894594393,0.5379653779422235,0.7111818581930596,0.7134801894594391,0.550322934686503,0.7134801894594391,0.7134801894594391,0.580381168709728,0.7284957084836049,0.0,0.9549370444002651,0.53125,0.9300291545189504,0.5454545454545454,0.3324692158133506,0.6354550236717517,0.4666666666666667,0.514446793516561,0.6316841579210395,0.62,0.9653440482169764,0.0,0.41721854304635764,0.7205,0.51,0.957,0.18,0.513,0.6036981509245377,0.035,0.73,0.632,0.682,0.961,0.0,0.63,0.8257784,0.8599773,277698304,15551105024,161.3478283882141,102285
56,0.7049845876249906,0.6636859993908951,0.7049845876249906,0.5160084169159451,0.7051320083546768,0.7049845876249906,0.5356696075039403,0.7049845876249906,0.7049845876249906,0.5776548929835715,0.7380789707100115,0.0,0.9349544072948328,0.5131578947368421,0.9427997992975414,0.6896551724137931,0.3161693936477382,0.6373448461953589,0.25,0.49226006191950467,0.6837146702557201,0.7275064267352185,0.9869994799791991,0.0,0.33495145631067963,0.769,0.39,0.9395,0.1,0.657,0.5902048975512244,0.01,0.795,0.508,0.566,0.949,0.0,0.69,0.7825734,0.86934006,277698304,15828803328,150.78295135498047,102285
57,0.7261860010525525,0.6864253424332147,0.7261860010525525,0.5447519886670336,0.7215095692882197,0.7261860010525525,0.5532085111290508,0.7261860010525525,0.7261860010525525,0.5854099808312283,0.7312792616969801,0.0,0.9518221124150711,0.717948717948718,0.9323929961089494,0.4881889763779528,0.3548922056384743,0.6498316498316499,0.4,0.5477057538237436,0.6083404987102322,0.5897858319604613,0.9776081424936387,0.0,0.391812865497076,0.7705,0.28,0.9585,0.31,0.428,0.5787106446776612,0.06,0.752,0.7075,0.716,0.9605,0.0,0.67,0.79495287,0.83656555,277698304,16106501632,155.00008296966553,102285
58,0.729719569957146,0.689576281522313,0.729719569957146,0.5476928873118008,0.7206091420159477,0.729719569957146,0.567591435051705,0.729719569957146,0.729719569957146,0.559144443654229,0.7203835776534189,0.0,0.9262295081967213,0.5043478260869565,0.9062792877225867,0.47058823529411764,0.42093287827076226,0.6072124756335283,0.27450980392156865,0.565008025682183,0.6132238547968885,0.6612903225806451,0.9617676266137041,0.0,0.357487922705314,0.791,0.58,0.967,0.2,0.37,0.6226886556721639,0.07,0.704,0.7095,0.656,0.9685,0.0,0.74,0.76549655,0.82484,277698304,16384199936,155.16481637954712,102285
59,0.7064882339673709,0.6657285988936745,0.7064882339673709,0.5186150660755519,0.7075863237261656,0.7064882339673709,0.5334424902933149,0.7064882339673709,0.7064882339673709,0.6062645895449743,0.7445730272504075,0.28401261183740745,0.9301788805539527,0.5945945945945946,0.9442771084337349,0.6,0.2917192097519966,0.6792323509252913,0.125,0.5717684377478192,0.6634557495484648,0.6131756756756757,0.9775051124744376,0.5,0.3905325443786982,0.806,0.22,0.9405,0.15,0.694,0.49525237381309345,0.005,0.721,0.551,0.726,0.956,0.01,0.66,0.7672747,0.85433644,277698304,16661898240,160.62444686889648,102285
60,0.712427637019773,0.6703902325113968,0.712427637019773,0.536289554612369,0.7107346827693689,0.712427637019773,0.5499779148887094,0.712427637019773,0.712427637019773,0.5668863058662603,0.7276781486772247,0.0,0.9565217391304348,0.391025641025641,0.9225181598062954,0.5104166666666666,0.32432432432432434,0.6408254322364751,0.3783783783783784,0.5153284671532846,0.5908909308829404,0.7725856697819314,0.9880083420229405,0.0,0.378698224852071,0.737,0.61,0.9525,0.245,0.432,0.5742128935532234,0.07,0.706,0.7395,0.496,0.9475,0.0,0.64,0.827813,0.83682024,277698304,16939596544,163.80720281600952,102285
